"stock_id","common","bbmsy_q2.5","bbmsy_q25","bbmsy_q50","bbmsy_q75","bbmsy_q97.5","bbmsy_sd","bbmsy_mean","year","model"
"Gadus_morhua-27","Atlantic cod",0.606097089223187,0.785171561421507,0.850746905051891,0.908337748993856,1.02090608577273,0.11156882613253,0.838597462176833,1981,"CMSY"
"Gadus_morhua-27","Atlantic cod",0.476335780635313,0.611500528644953,0.660587045653924,0.734065838461493,0.84551678510086,0.0991674153920038,0.669411294395864,1982,"CMSY"
"Gadus_morhua-27","Atlantic cod",0.392759958681198,0.502415695250763,0.56951764900809,0.629632359480853,0.740490605966095,0.0932587970322846,0.572315349594285,1983,"CMSY"
"Gadus_morhua-27","Atlantic cod",0.346369282345568,0.447529247915996,0.505096121591801,0.574202127799665,0.639996759090328,0.0827438191580672,0.509259635014088,1984,"CMSY"
"Gadus_morhua-27","Atlantic cod",0.30804859265095,0.405722424434054,0.470673450087582,0.521899278283456,0.608725050352185,0.0765154583385981,0.465623636701259,1985,"CMSY"
"Gadus_morhua-27","Atlantic cod",0.291364703853378,0.375018731739977,0.430865115260688,0.489346229785332,0.571882067578603,0.0741801402795763,0.433932335337361,1986,"CMSY"
"Gadus_morhua-27","Atlantic cod",0.272083358388841,0.35000673072784,0.404073870855092,0.459014296310295,0.509079197556374,0.0701260127488477,0.401654844524995,1987,"CMSY"
"Gadus_morhua-27","Atlantic cod",0.250521450913422,0.320199265562763,0.376832459647554,0.424574800947327,0.496938063266226,0.0677713429783128,0.375085825404805,1988,"CMSY"
"Gadus_morhua-27","Atlantic cod",0.234125688567305,0.299375060085628,0.352859742395628,0.396992265216483,0.488177030126746,0.0665041685155479,0.353752704580451,1989,"CMSY"
"Gadus_morhua-27","Atlantic cod",0.22142206581844,0.291166147101557,0.343011534241413,0.389010326911723,0.472758182764471,0.0640679632412179,0.341265923918069,1990,"CMSY"
"Gadus_morhua-27","Atlantic cod",0.216503616233237,0.283990410411239,0.327597640234099,0.379610992810548,0.449346193356027,0.0648566935820495,0.328804326096283,1991,"CMSY"
"Gadus_morhua-27","Atlantic cod",0.207572785718003,0.265190008006094,0.319450935374418,0.368995522640028,0.426900181661202,0.0644791937483243,0.318073007998362,1992,"CMSY"
"Gadus_morhua-27","Atlantic cod",0.197450294677771,0.257600688248951,0.309098918177961,0.363222245516509,0.422785666419593,0.0651470359548902,0.309555796851924,1993,"CMSY"
"Gadus_morhua-27","Atlantic cod",0.195884078579955,0.251818863432361,0.299657857618322,0.35186096541497,0.412577191367402,0.0653174230961673,0.304372908544535,1994,"CMSY"
"Gadus_morhua-27","Atlantic cod",0.196657696585042,0.249892340786828,0.300015415605542,0.362894704599492,0.426218545580637,0.0670887961806502,0.306223979715256,1995,"CMSY"
"Gadus_morhua-27","Atlantic cod",0.191445156712812,0.252286888457081,0.296114489904202,0.350697122680796,0.434362632851623,0.0680596111571179,0.302681658657342,1996,"CMSY"
"Gadus_morhua-27","Atlantic cod",0.19981388158403,0.247848076606387,0.297448777064609,0.352066050843734,0.433266576243656,0.0668738580025029,0.301276390269677,1997,"CMSY"
"Gadus_morhua-27","Atlantic cod",0.185282167204456,0.247999640218629,0.292895919185716,0.352600751150905,0.433382060233942,0.0716683636533599,0.301548315523736,1998,"CMSY"
"Gadus_morhua-27","Atlantic cod",0.186174081938742,0.240114670161089,0.28974457296297,0.339520138283001,0.436900401590888,0.0735406888311385,0.296492843009552,1999,"CMSY"
"Gadus_morhua-27","Atlantic cod",0.182511885039182,0.242945308611965,0.285818580193209,0.336946154225535,0.438541050534124,0.0738847515313717,0.29617827106095,2000,"CMSY"
"Gadus_morhua-27","Atlantic cod",0.190644711437131,0.24904820995622,0.28413874633379,0.344499574084893,0.460633250228205,0.0749638218620257,0.298891274735505,2001,"CMSY"
"Gadus_morhua-27","Atlantic cod",0.185034175429417,0.248740111782617,0.282597531199638,0.338500599887529,0.465450813398907,0.0755474828416297,0.297528764460374,2002,"CMSY"
"Gadus_morhua-27","Atlantic cod",0.188259924856682,0.25253030378967,0.285032850726122,0.340583156602359,0.491492263280172,0.0800492863368001,0.30162571231219,2003,"CMSY"
"Gadus_morhua-27","Atlantic cod",0.182499395481242,0.248774555246197,0.289241634875038,0.340790745422697,0.503019307621949,0.0849137828200656,0.304085921847098,2004,"CMSY"
"Gadus_morhua-27","Atlantic cod",0.180412398616532,0.249425876849492,0.28854045192103,0.342232837791696,0.523414481715819,0.0901439991384758,0.307074207335208,2005,"CMSY"
"Gadus_morhua-27","Atlantic cod",0.171278523809459,0.246735865863364,0.294864759048697,0.357309715700044,0.533012845937261,0.0935928129266984,0.313841841833239,2006,"CMSY"
"Gadus_morhua-27","Atlantic cod",0.168772186064989,0.249017782155666,0.308381653879763,0.370007918539675,0.539721237118962,0.102162644870776,0.321528095996407,2007,"CMSY"
"Gadus_morhua-27","Atlantic cod",0.162090873682884,0.248256212007882,0.303186670028966,0.384770500634444,0.605686011682239,0.10958394718748,0.327263488870515,2008,"CMSY"
"Gadus_morhua-27","Atlantic cod",0.160620953798183,0.240226582968448,0.316624829307305,0.398275978027081,0.599468045389837,0.119706560348835,0.334226599403052,2009,"CMSY"
"Gadus_morhua-27","Atlantic cod",0.164769954531414,0.237493612267779,0.322274342426825,0.427047886849782,0.61718579687993,0.131104965660103,0.34544462713333,2010,"CMSY"
"Gadus_morhua-27","Atlantic cod",0.167086057747443,0.230039452796776,0.341160945269881,0.461856104374185,0.666240090661617,0.14280022621667,0.359609317244631,2011,"CMSY"
"Gadus_morhua-27","Atlantic cod",0.153379903154899,0.231351645977368,0.360807355726341,0.49294992780973,0.647003361276696,0.155941434921098,0.372345240047946,2012,"CMSY"
"Gadus_morhua-27","Atlantic cod",0.133924674677969,0.22539571490638,0.376726894931313,0.542738160920744,0.710787150336429,0.180302102445453,0.393331652824899,2013,"CMSY"
"Gadus_morhua-27","Atlantic cod",0.100703547863282,0.232424496773949,0.403851016005863,0.625270620147801,0.760018846790203,0.206397009022412,0.417838926322859,2014,"CMSY"
"Gadus_morhua-27","Atlantic cod",0.0615879947371873,0.245860066914699,0.441992686236525,0.659383343441738,0.792925148393027,0.230953093590946,0.435801103914484,2015,"CMSY"
"Mallotus_villosus-27","Capelin",NA,NA,NA,NA,NA,NA,NA,NA,"CMSY"
"Melanogrammus_aeglefinus-27","Haddock",0.612266799922154,0.7459757774247,0.801255349498536,0.860255762313384,0.97569932146544,0.0917619927280584,0.800078961695095,1981,"CMSY"
"Melanogrammus_aeglefinus-27","Haddock",0.441671027246728,0.564990432752526,0.605677465920786,0.654091304295968,0.74972493632556,0.0768903122107121,0.606664717634672,1982,"CMSY"
"Melanogrammus_aeglefinus-27","Haddock",0.358748929767886,0.451575395318406,0.496870698647329,0.54266972352974,0.622343164191003,0.0678768782325304,0.494257062585107,1983,"CMSY"
"Melanogrammus_aeglefinus-27","Haddock",0.301254656535669,0.385330602138128,0.429907133848611,0.468834421399811,0.543580265681567,0.0627760795152284,0.425953118079374,1984,"CMSY"
"Melanogrammus_aeglefinus-27","Haddock",0.271416302205045,0.342347398525848,0.387366432758991,0.422905130714368,0.500527014332001,0.0598390867328338,0.382361076944216,1985,"CMSY"
"Melanogrammus_aeglefinus-27","Haddock",0.252412377109336,0.313074993279561,0.351975400886558,0.393258270156053,0.47718740516072,0.0578393065012494,0.352677986304865,1986,"CMSY"
"Melanogrammus_aeglefinus-27","Haddock",0.226217831761062,0.300536527150357,0.329670188917062,0.360688431467185,0.426678412405398,0.0550727832339838,0.330657763877649,1987,"CMSY"
"Melanogrammus_aeglefinus-27","Haddock",0.214244453223991,0.284495183811905,0.31562241690387,0.351609465224647,0.408206290685118,0.0533685103511825,0.316243697402252,1988,"CMSY"
"Melanogrammus_aeglefinus-27","Haddock",0.202918246992388,0.272890970822803,0.304319012594745,0.337449993985767,0.399958927799435,0.0516723497023153,0.303384584701034,1989,"CMSY"
"Melanogrammus_aeglefinus-27","Haddock",0.201223363157647,0.265366803878167,0.29875878660117,0.334638931748367,0.392100335223165,0.0510960447611199,0.296945528883929,1990,"CMSY"
"Melanogrammus_aeglefinus-27","Haddock",0.191184826885447,0.261205698580266,0.293538852466192,0.330877777658483,0.386358924944434,0.0523902883377407,0.293813991414069,1991,"CMSY"
"Melanogrammus_aeglefinus-27","Haddock",0.187474242866302,0.255081571190345,0.284593298907446,0.318411689343909,0.383612471785954,0.0517179407325099,0.286984801271304,1992,"CMSY"
"Melanogrammus_aeglefinus-27","Haddock",0.184673697671915,0.251529842667558,0.286673958311849,0.316315882618838,0.375085266824921,0.0510824425229454,0.283544839035133,1993,"CMSY"
"Melanogrammus_aeglefinus-27","Haddock",0.179139304762025,0.248859029773534,0.276374795705864,0.311899686664182,0.375825921772648,0.052393170006301,0.280550619715101,1994,"CMSY"
"Melanogrammus_aeglefinus-27","Haddock",0.179485599676571,0.243308002890409,0.276798726402065,0.309455410459471,0.369813961512158,0.0533938402182121,0.278778316067094,1995,"CMSY"
"Melanogrammus_aeglefinus-27","Haddock",0.182202169635637,0.240333944154304,0.275832957446767,0.314246133720744,0.376515771177298,0.0539277204291086,0.278151563784757,1996,"CMSY"
"Melanogrammus_aeglefinus-27","Haddock",0.184253319124743,0.238949259265058,0.272574465423494,0.31236386702327,0.389582695909429,0.0549749734737956,0.278078292144058,1997,"CMSY"
"Melanogrammus_aeglefinus-27","Haddock",0.180157300533043,0.237285349951292,0.274206979537765,0.314098024159269,0.400474149521917,0.0575208615186357,0.278232379084663,1998,"CMSY"
"Melanogrammus_aeglefinus-27","Haddock",0.180168514103233,0.239513325907284,0.272484283601621,0.316740431409783,0.401237751984909,0.0587673365594712,0.278138229043691,1999,"CMSY"
"Melanogrammus_aeglefinus-27","Haddock",0.184839639651369,0.238948952171628,0.271513719749245,0.316395562636587,0.405834749200383,0.0599214709288202,0.279324380970138,2000,"CMSY"
"Melanogrammus_aeglefinus-27","Haddock",0.179946566304114,0.236426314111686,0.271943318917298,0.320126489916031,0.415435546184513,0.0611609555521303,0.282172049471407,2001,"CMSY"
"Melanogrammus_aeglefinus-27","Haddock",0.176120906851813,0.236744365330181,0.278922206222245,0.327316601886127,0.427106283416962,0.0645310490153846,0.285334716051308,2002,"CMSY"
"Melanogrammus_aeglefinus-27","Haddock",0.181647042425459,0.243374293215655,0.27718708944987,0.333337648040745,0.421924398065058,0.0670403610246117,0.28900890418008,2003,"CMSY"
"Melanogrammus_aeglefinus-27","Haddock",0.180074257181294,0.247265062057318,0.281201667804537,0.340182701869758,0.466749352584111,0.0719852156350431,0.295387163843486,2004,"CMSY"
"Melanogrammus_aeglefinus-27","Haddock",0.176709600433936,0.247909347855709,0.291887768131139,0.350149736993739,0.47697991440305,0.075941994735894,0.301647308574383,2005,"CMSY"
"Melanogrammus_aeglefinus-27","Haddock",0.176996762523824,0.251315799090408,0.296253459061619,0.35902653862436,0.502244477987633,0.0818692162419138,0.309148820672713,2006,"CMSY"
"Melanogrammus_aeglefinus-27","Haddock",0.181638137394989,0.253147020037334,0.306721373677447,0.373416396608186,0.51789516827867,0.0876860340600754,0.316977861426552,2007,"CMSY"
"Melanogrammus_aeglefinus-27","Haddock",0.182052950401766,0.25033033576101,0.321343543588933,0.39126789606676,0.535620502838306,0.0954305923279822,0.327444700678785,2008,"CMSY"
"Melanogrammus_aeglefinus-27","Haddock",0.170576496185768,0.248649359184977,0.332142588617631,0.424025740969905,0.551469242289599,0.107530275120432,0.341545108068913,2009,"CMSY"
"Melanogrammus_aeglefinus-27","Haddock",0.166552912853579,0.258608223424865,0.347789566722321,0.457484725157178,0.608219512744592,0.121883875273752,0.357338448961504,2010,"CMSY"
"Melanogrammus_aeglefinus-27","Haddock",0.158607153950182,0.259286835955488,0.370362057690776,0.482648049090826,0.647362620733118,0.136974734378683,0.375178609552773,2011,"CMSY"
"Melanogrammus_aeglefinus-27","Haddock",0.147867517800342,0.260977521711387,0.394705030922385,0.514185714573334,0.686179272022164,0.156003236718946,0.397720699788635,2012,"CMSY"
"Melanogrammus_aeglefinus-27","Haddock",0.123186947393445,0.266824929576042,0.417994276954363,0.561574225886332,0.727937053404072,0.172721053040862,0.419724004296221,2013,"CMSY"
"Melanogrammus_aeglefinus-27","Haddock",0.104353610766637,0.27013128730117,0.458142008000275,0.615410977609692,0.746631844963777,0.19239522050092,0.444682873916788,2014,"CMSY"
"Melanogrammus_aeglefinus-27","Haddock",0.0711755054296499,0.28176866087405,0.495601794454955,0.658093268087028,0.784152953812854,0.217148077305471,0.471435572935285,2015,"CMSY"
"Pollachius_virens-27","Saithe",0.677786190366208,0.818825081628302,0.89987690578019,0.981227253044102,1.13575096955447,0.115258945338816,0.897017008161844,1981,"CMSY"
"Pollachius_virens-27","Saithe",0.559522960560591,0.685544985485006,0.742849179667237,0.804416380846682,0.927983634659703,0.0955676976794188,0.743283219199367,1982,"CMSY"
"Pollachius_virens-27","Saithe",0.478752463805749,0.568651679687492,0.616979612688795,0.677055529155275,0.784558365687819,0.0825210646458468,0.624082416622778,1983,"CMSY"
"Pollachius_virens-27","Saithe",0.393984090086394,0.482103830381027,0.523151956348556,0.575663306436858,0.665489017419339,0.0719543479284629,0.526844674494058,1984,"CMSY"
"Pollachius_virens-27","Saithe",0.333108123786799,0.411411682113285,0.452411550736943,0.487848044847233,0.569944393576463,0.0595313595744845,0.451428253020377,1985,"CMSY"
"Pollachius_virens-27","Saithe",0.283922446404385,0.354129757982536,0.390064151425511,0.426143661429768,0.49242651021552,0.0523726189994518,0.390512382679467,1986,"CMSY"
"Pollachius_virens-27","Saithe",0.244131848223605,0.310454840528945,0.340646877156199,0.374211914358438,0.438087915711291,0.0481805937528619,0.342638848331075,1987,"CMSY"
"Pollachius_virens-27","Saithe",0.216621067093892,0.275097140988148,0.303760575506013,0.332902820088103,0.386225074521602,0.0430598915498144,0.304470823390546,1988,"CMSY"
"Pollachius_virens-27","Saithe",0.196502355200293,0.24657102323969,0.272797332576985,0.300958792811671,0.356007006819616,0.0411075455852387,0.27459424874234,1989,"CMSY"
"Pollachius_virens-27","Saithe",0.176133773415824,0.224122363365245,0.252434024132728,0.276383644865049,0.334364581463276,0.0390765651768327,0.251884309108796,1990,"CMSY"
"Pollachius_virens-27","Saithe",0.162388919363489,0.206054596366733,0.231914688014117,0.256444733854106,0.30862328816432,0.0377898991561922,0.233120428435438,1991,"CMSY"
"Pollachius_virens-27","Saithe",0.149693453455584,0.192392408275185,0.219070778392581,0.24125789567468,0.299322811451313,0.0370622388210275,0.219244414070469,1992,"CMSY"
"Pollachius_virens-27","Saithe",0.144428128880242,0.182774517540679,0.208712010734125,0.235138667859763,0.278985941779581,0.037049532115604,0.209650803875513,1993,"CMSY"
"Pollachius_virens-27","Saithe",0.132735141112289,0.175848934230741,0.200167302479743,0.224887888732581,0.272630124550174,0.0374601089194486,0.201779121982506,1994,"CMSY"
"Pollachius_virens-27","Saithe",0.127539913003447,0.170920351889615,0.195667944004599,0.22102021346626,0.269530196474805,0.0376459310682006,0.196940437909183,1995,"CMSY"
"Pollachius_virens-27","Saithe",0.121038936173971,0.165864270883538,0.189884975373631,0.21778575045412,0.268665338357681,0.0376987474144767,0.192782980583836,1996,"CMSY"
"Pollachius_virens-27","Saithe",0.119491255071779,0.163653181423842,0.187725344391642,0.217545417007313,0.270611411748255,0.0390757112350968,0.191034294398689,1997,"CMSY"
"Pollachius_virens-27","Saithe",0.118483131697574,0.160104223848565,0.186739053470034,0.215470896979887,0.269461472116169,0.0404369432822938,0.189522383561186,1998,"CMSY"
"Pollachius_virens-27","Saithe",0.114603861309381,0.158646494943218,0.186259492831949,0.218808339710456,0.273916430290974,0.0420936691492702,0.189801632708105,1999,"CMSY"
"Pollachius_virens-27","Saithe",0.109772737126152,0.156504806678121,0.184614373699306,0.219918447012386,0.279675424520507,0.0447805288976481,0.190129905172467,2000,"CMSY"
"Pollachius_virens-27","Saithe",0.118295637355157,0.15487970140605,0.187349453413279,0.224224103106609,0.290337274975116,0.0469755595165813,0.192282266428384,2001,"CMSY"
"Pollachius_virens-27","Saithe",0.114776329972293,0.155182455986555,0.187615740194772,0.234135030429728,0.3045048830646,0.050879196953209,0.195888831307888,2002,"CMSY"
"Pollachius_virens-27","Saithe",0.112341307113681,0.159587757506067,0.192665897452072,0.238759316265354,0.318108241143087,0.0553786585528153,0.200922024989286,2003,"CMSY"
"Pollachius_virens-27","Saithe",0.11357355634326,0.160744250058584,0.198084218821955,0.251174999904134,0.329511804936447,0.06083224219494,0.207419030766562,2004,"CMSY"
"Pollachius_virens-27","Saithe",0.107426217617115,0.166421055269878,0.209351829043013,0.264369271173025,0.349610330407688,0.0672853636492437,0.216709936885626,2005,"CMSY"
"Pollachius_virens-27","Saithe",0.10867743704223,0.169892228381554,0.223133244654831,0.282896869200523,0.376403252613368,0.0745241957529887,0.22723892277848,2006,"CMSY"
"Pollachius_virens-27","Saithe",0.106603652218852,0.174290485583753,0.23910189891344,0.303631913583356,0.389251951390023,0.0832087334942911,0.241787192542595,2007,"CMSY"
"Pollachius_virens-27","Saithe",0.106126987253759,0.179357878810467,0.257691213662813,0.328379920349638,0.43700066005187,0.0937187272091152,0.258475567942412,2008,"CMSY"
"Pollachius_virens-27","Saithe",0.104158502229722,0.184893172762807,0.281917132810636,0.360779901269691,0.481388008061035,0.10622376063787,0.280000530627891,2009,"CMSY"
"Pollachius_virens-27","Saithe",0.0981758771713407,0.206101784238928,0.310372897857977,0.396119013534372,0.535747572953944,0.119976100941536,0.304007476052061,2010,"CMSY"
"Pollachius_virens-27","Saithe",0.0928151943428472,0.22551942563208,0.35011025735388,0.440810701435599,0.565184225019848,0.136800686999135,0.332958021756584,2011,"CMSY"
"Pollachius_virens-27","Saithe",0.0805625729896016,0.247928297972786,0.395217835040678,0.49129871899769,0.599430767698953,0.152637652389993,0.364778944999834,2012,"CMSY"
"Pollachius_virens-27","Saithe",0.0754049456419839,0.270727883779242,0.428099853385357,0.550587302419573,0.637273044126729,0.173140036290301,0.403059818847264,2013,"CMSY"
"Pollachius_virens-27","Saithe",0.0624233161550569,0.299641336666643,0.487276671158491,0.613130763377619,0.733479625945087,0.195483004269756,0.445425548053499,2014,"CMSY"
"Pollachius_virens-27","Saithe",0.0460075302489746,0.329422127054971,0.54593848596372,0.671630942813771,0.78586530522014,0.219034070876598,0.492158992551948,2015,"CMSY"
"Reinhardtius_hippoglossoides-27","Greenland halibut",0.584747380738319,0.805075954287383,0.916371456803121,1.02122423960996,1.18548294323421,0.157893698819407,0.909098717572828,1981,"CMSY"
"Reinhardtius_hippoglossoides-27","Greenland halibut",0.484727334710122,0.688036632464771,0.792289840987484,0.886708425123019,1.06022128563932,0.146043489587361,0.785216351483783,1982,"CMSY"
"Reinhardtius_hippoglossoides-27","Greenland halibut",0.412107730214686,0.596563744227299,0.688294615295844,0.778843784394657,0.95372787052992,0.13717914018424,0.687039275004123,1983,"CMSY"
"Reinhardtius_hippoglossoides-27","Greenland halibut",0.357859745423542,0.519185081602189,0.60914062263406,0.704206255998285,0.867564396469663,0.129776586860356,0.61136995059641,1984,"CMSY"
"Reinhardtius_hippoglossoides-27","Greenland halibut",0.321108788711415,0.465797617931078,0.549253253027898,0.639473071309382,0.798367794213783,0.123497845034407,0.553332075098747,1985,"CMSY"
"Reinhardtius_hippoglossoides-27","Greenland halibut",0.288037427795047,0.426889910352168,0.505236967550411,0.588091318020467,0.753312715669528,0.120182868282007,0.508954441846727,1986,"CMSY"
"Reinhardtius_hippoglossoides-27","Greenland halibut",0.26177254530563,0.393276745821805,0.469913383932452,0.552629864848745,0.713079652105351,0.117169820666042,0.474458058331175,1987,"CMSY"
"Reinhardtius_hippoglossoides-27","Greenland halibut",0.240791116902934,0.366857653254252,0.440356261342667,0.523198676572168,0.685376477172498,0.115778585999304,0.448800912160098,1988,"CMSY"
"Reinhardtius_hippoglossoides-27","Greenland halibut",0.228495668243329,0.348239554209651,0.419177587283489,0.50207615243129,0.665361774865678,0.113791922368921,0.427811631737951,1989,"CMSY"
"Reinhardtius_hippoglossoides-27","Greenland halibut",0.211273700829286,0.33219251501757,0.40235643273394,0.485435549151496,0.658246229650056,0.112702113328566,0.411389917722565,1990,"CMSY"
"Reinhardtius_hippoglossoides-27","Greenland halibut",0.209307309168102,0.318136950137842,0.386860980069473,0.470762638769254,0.633831416276861,0.111901107807211,0.398325433694187,1991,"CMSY"
"Reinhardtius_hippoglossoides-27","Greenland halibut",0.198894561241691,0.307436291918239,0.377176230491621,0.459728374425036,0.628543591386529,0.111484224217201,0.387618423696338,1992,"CMSY"
"Reinhardtius_hippoglossoides-27","Greenland halibut",0.189027187467895,0.296345731924765,0.365810028093657,0.449492487603033,0.621418922704044,0.111450734900505,0.377958299227969,1993,"CMSY"
"Reinhardtius_hippoglossoides-27","Greenland halibut",0.184235272648699,0.288297349309397,0.35769509996246,0.44115291511198,0.610772526795455,0.110881568661981,0.369467833100816,1994,"CMSY"
"Reinhardtius_hippoglossoides-27","Greenland halibut",0.179711938299624,0.283167077333266,0.34993151483918,0.431187580658332,0.606524818935878,0.109759178091073,0.362398119736027,1995,"CMSY"
"Reinhardtius_hippoglossoides-27","Greenland halibut",0.180406560520133,0.27578540207765,0.344881012786575,0.42473304147461,0.602846129405517,0.109797995673819,0.356482001463008,1996,"CMSY"
"Reinhardtius_hippoglossoides-27","Greenland halibut",0.175628732766794,0.27358816706905,0.339742603890758,0.422171544029757,0.601404104669269,0.110885243977234,0.352526853609472,1997,"CMSY"
"Reinhardtius_hippoglossoides-27","Greenland halibut",0.17199747939717,0.268963948721185,0.333204668481713,0.418087604860199,0.603501560347974,0.111498440208301,0.349521697554101,1998,"CMSY"
"Reinhardtius_hippoglossoides-27","Greenland halibut",0.16912408607943,0.263703886477042,0.330286881491386,0.417282294844571,0.598795699422225,0.112610149544186,0.347028259156255,1999,"CMSY"
"Reinhardtius_hippoglossoides-27","Greenland halibut",0.169920737938864,0.26220388580343,0.328459595935063,0.419287526797572,0.596584451258567,0.114193439121287,0.346384317657753,2000,"CMSY"
"Reinhardtius_hippoglossoides-27","Greenland halibut",0.167123542626335,0.260305458928568,0.326394175342887,0.42178638865793,0.597615462192652,0.116405783941031,0.346995182998158,2001,"CMSY"
"Reinhardtius_hippoglossoides-27","Greenland halibut",0.166847535239199,0.261276780007732,0.331881197792811,0.425800313242721,0.604670922094202,0.117863385564085,0.348020079742646,2002,"CMSY"
"Reinhardtius_hippoglossoides-27","Greenland halibut",0.169401317572839,0.258541150231207,0.328071411016763,0.428112148668061,0.610878886894677,0.120403805845627,0.350381870131715,2003,"CMSY"
"Reinhardtius_hippoglossoides-27","Greenland halibut",0.169864655583916,0.258744414506334,0.33211451270595,0.436543054946367,0.625767139061341,0.123481933869798,0.35416203778156,2004,"CMSY"
"Reinhardtius_hippoglossoides-27","Greenland halibut",0.169960758496488,0.261900136650732,0.338865479845713,0.443275078088286,0.633139657189993,0.126274854751888,0.357936070932753,2005,"CMSY"
"Reinhardtius_hippoglossoides-27","Greenland halibut",0.165821066106779,0.259434645740185,0.344717169647347,0.452377400929793,0.650804658461876,0.131183036487299,0.362310798002218,2006,"CMSY"
"Reinhardtius_hippoglossoides-27","Greenland halibut",0.159282850598438,0.257221522108687,0.352114788470404,0.46384014058264,0.66172889839018,0.135648842528404,0.36690288944082,2007,"CMSY"
"Reinhardtius_hippoglossoides-27","Greenland halibut",0.151221704184217,0.25629011892996,0.356083334503009,0.474566935769893,0.670683904742925,0.141808989061245,0.37140940194531,2008,"CMSY"
"Reinhardtius_hippoglossoides-27","Greenland halibut",0.141449952990311,0.254365298818929,0.366407888554344,0.48544077640805,0.680184978086362,0.149241479138272,0.378321717092092,2009,"CMSY"
"Reinhardtius_hippoglossoides-27","Greenland halibut",0.128903613110409,0.256003291274091,0.383301965317296,0.501045899120906,0.693289446764676,0.156748062882171,0.385229162245936,2010,"CMSY"
"Reinhardtius_hippoglossoides-27","Greenland halibut",0.117350711916632,0.258555165643356,0.394545039204028,0.521260614786145,0.711519134187422,0.166665875852224,0.394328795785634,2011,"CMSY"
"Reinhardtius_hippoglossoides-27","Greenland halibut",0.100272018747365,0.260883999643985,0.406790723728299,0.546545550356601,0.728054772702844,0.178645947563334,0.404948310088143,2012,"CMSY"
"Reinhardtius_hippoglossoides-27","Greenland halibut",0.0829847218360716,0.2614615584831,0.421669758327401,0.572212933132309,0.749512931568735,0.192038271709622,0.415990420486273,2013,"CMSY"
"Reinhardtius_hippoglossoides-27","Greenland halibut",0.0635996402725881,0.26065961536898,0.436583870299618,0.60016259019261,0.766791942084462,0.206798805233605,0.428147435789859,2014,"CMSY"
"Reinhardtius_hippoglossoides-27","Greenland halibut",0.0397681671931738,0.261755906433747,0.456748641916518,0.632965682475501,0.788920529068388,0.223523730816131,0.441369368185182,2015,"CMSY"
"Sebastes_marinus-27","Ocean perch",0.761349741923259,0.87309272466777,0.929695994568281,1.00488824554013,1.14703553324481,0.0998546886480266,0.939269511290478,1981,"CMSY"
"Sebastes_marinus-27","Ocean perch",0.602138114605437,0.69618079415331,0.732193730143194,0.810230531782478,0.912551544536171,0.0875480917837445,0.75121091433505,1982,"CMSY"
"Sebastes_marinus-27","Ocean perch",0.499478413133965,0.570325440075501,0.615253112068931,0.67279163445759,0.741655552185105,0.0738751733862221,0.620507667627659,1983,"CMSY"
"Sebastes_marinus-27","Ocean perch",0.433580558698691,0.489118765817613,0.530618254420019,0.576307909877132,0.644348558052656,0.0613986258612747,0.533632536194643,1984,"CMSY"
"Sebastes_marinus-27","Ocean perch",0.375434100842563,0.428523563510801,0.463705472268643,0.497524011785996,0.574642653700544,0.0520313022194705,0.462744242515551,1985,"CMSY"
"Sebastes_marinus-27","Ocean perch",0.332071652178273,0.376823501378144,0.410182460580412,0.444698654874856,0.522326628589483,0.0497267248077151,0.414486780418994,1986,"CMSY"
"Sebastes_marinus-27","Ocean perch",0.302884365278868,0.339964263717771,0.371750363731578,0.403258063220853,0.456189513630966,0.042429253912822,0.373873710983415,1987,"CMSY"
"Sebastes_marinus-27","Ocean perch",0.287492238633788,0.309917600962993,0.337634475740509,0.367725148548616,0.432906112540197,0.0401024067830652,0.343472419933493,1988,"CMSY"
"Sebastes_marinus-27","Ocean perch",0.255262650660668,0.287795354673337,0.298511789487086,0.324204184241235,0.403880187606028,0.0395734776271284,0.309979857257253,1989,"CMSY"
"Sebastes_marinus-27","Ocean perch",0.223945567526852,0.257700645392327,0.277914511272786,0.298761582174352,0.357378274476625,0.0369545154759026,0.281349506681877,1990,"CMSY"
"Sebastes_marinus-27","Ocean perch",0.213278510320933,0.242625614053437,0.259457208305175,0.278808494618879,0.336805436115814,0.0341997244836886,0.262797371282874,1991,"CMSY"
"Sebastes_marinus-27","Ocean perch",0.200139580110078,0.226953514517556,0.248923668618614,0.265723691447961,0.312317452634928,0.0302608971749484,0.25016739579406,1992,"CMSY"
"Sebastes_marinus-27","Ocean perch",0.192361929659778,0.214796118480996,0.236541957649177,0.253654490699088,0.300914572062469,0.0299734410575788,0.235975750222809,1993,"CMSY"
"Sebastes_marinus-27","Ocean perch",0.182479766045686,0.206235585453812,0.223529017700215,0.242305291661141,0.283541205888583,0.0280532541982584,0.225324694418716,1994,"CMSY"
"Sebastes_marinus-27","Ocean perch",0.167822859181433,0.196322555429171,0.213245847889382,0.239819257251079,0.285731646267897,0.0307518381866556,0.219000747987203,1995,"CMSY"
"Sebastes_marinus-27","Ocean perch",0.156862875551683,0.189317857822813,0.212768171879749,0.235043872507218,0.271890675536148,0.0319268420639579,0.212629377954969,1996,"CMSY"
"Sebastes_marinus-27","Ocean perch",0.149614199615469,0.186310913263359,0.204726024584774,0.230386616241795,0.26826387416713,0.0310754402183118,0.208684910041033,1997,"CMSY"
"Sebastes_marinus-27","Ocean perch",0.147062985673159,0.177657980844792,0.198688777289676,0.231070576025663,0.269529007002313,0.0343258777703441,0.204673739679195,1998,"CMSY"
"Sebastes_marinus-27","Ocean perch",0.141182109507041,0.17092083251848,0.188319765086803,0.219900979106605,0.263759238930662,0.0358586415947327,0.198999123345053,1999,"CMSY"
"Sebastes_marinus-27","Ocean perch",0.140412217607327,0.170002121713819,0.188444105761736,0.222658180130071,0.278733362287421,0.038352530590393,0.197478154780237,2000,"CMSY"
"Sebastes_marinus-27","Ocean perch",0.140936124312373,0.16430278539962,0.186230408587533,0.215428294893611,0.277333019449631,0.0396968672441031,0.194841125855922,2001,"CMSY"
"Sebastes_marinus-27","Ocean perch",0.136712418578892,0.165589900094989,0.187322193716397,0.221585932808749,0.276267173613361,0.0404032739843789,0.196458983230373,2002,"CMSY"
"Sebastes_marinus-27","Ocean perch",0.129562036014675,0.170301779272925,0.19608973311617,0.233833606804429,0.28761881968145,0.0451179480264864,0.203064449484575,2003,"CMSY"
"Sebastes_marinus-27","Ocean perch",0.125773437596696,0.170688401077159,0.197470800369446,0.238292339682839,0.304307496106876,0.0495530603060721,0.207028850116144,2004,"CMSY"
"Sebastes_marinus-27","Ocean perch",0.122634171217019,0.171202965517687,0.206137253340368,0.256679933322936,0.320730647169706,0.0561972026869686,0.211994834224219,2005,"CMSY"
"Sebastes_marinus-27","Ocean perch",0.117131554907679,0.17096568722181,0.217205110987181,0.265032961856166,0.33636128150704,0.0642441921045951,0.220646751628697,2006,"CMSY"
"Sebastes_marinus-27","Ocean perch",0.116034143461097,0.173397959651174,0.22705253778035,0.288852650725188,0.376286094810514,0.0731298897128381,0.23097629288079,2007,"CMSY"
"Sebastes_marinus-27","Ocean perch",0.119288027137419,0.180286238099983,0.244452905917306,0.309533099696441,0.402756062959863,0.0830852584431446,0.246793415496603,2008,"CMSY"
"Sebastes_marinus-27","Ocean perch",0.123103303020139,0.188449642254302,0.279449632079579,0.338280745382619,0.460860324237888,0.0965622750942118,0.268010058266391,2009,"CMSY"
"Sebastes_marinus-27","Ocean perch",0.122721273790129,0.200722832859206,0.307432685693931,0.378338612218484,0.491702361295041,0.108025267070857,0.291534257826973,2010,"CMSY"
"Sebastes_marinus-27","Ocean perch",0.118461923258017,0.224890002503446,0.333774399858386,0.406488869391293,0.517106454643713,0.123556727800131,0.31923540573529,2011,"CMSY"
"Sebastes_marinus-27","Ocean perch",0.109554582805213,0.24994548938544,0.378791286170364,0.457494102361907,0.5757224522131,0.141563001567223,0.353502311685623,2012,"CMSY"
"Sebastes_marinus-27","Ocean perch",0.104105032559037,0.268503188092851,0.428161838602986,0.515644719102759,0.657713584587504,0.16474005375901,0.393339303339595,2013,"CMSY"
"Sebastes_marinus-27","Ocean perch",0.102606777373049,0.301549339229609,0.48259870463358,0.584178658073724,0.708423398625015,0.188180909148909,0.435478496272198,2014,"CMSY"
"Sebastes_marinus-27","Ocean perch",0.0921446127368249,0.338194321939858,0.529018128680278,0.659138892069713,0.771126350363561,0.214842010763851,0.484011128111724,2015,"CMSY"
"Sebastes_mentella-27","Deepwater redfish",0.733668181154009,0.871858859010971,0.93399782707186,1.00576256750003,1.14426580890097,0.102837087722902,0.938168274815076,1981,"CMSY"
"Sebastes_mentella-27","Deepwater redfish",0.595006002241222,0.70072445409607,0.780203684799208,0.832744935010207,0.966979396824002,0.0922364205823722,0.772877835124405,1982,"CMSY"
"Sebastes_mentella-27","Deepwater redfish",0.485975980285442,0.589956114829803,0.652055494669128,0.699075111319299,0.831972101340141,0.0834625479030483,0.651133870297673,1983,"CMSY"
"Sebastes_mentella-27","Deepwater redfish",0.431565687440156,0.515735941050548,0.567861008011949,0.616825408216415,0.753352827251752,0.0796943635813867,0.572332093355156,1984,"CMSY"
"Sebastes_mentella-27","Deepwater redfish",0.393326803512699,0.460738394281984,0.512995684703233,0.556792560427053,0.691072197264693,0.0749592888610917,0.516959861443365,1985,"CMSY"
"Sebastes_mentella-27","Deepwater redfish",0.340952472214192,0.420752052552739,0.471627959476459,0.508888430902649,0.636459123966182,0.0730485082198141,0.471165632639177,1986,"CMSY"
"Sebastes_mentella-27","Deepwater redfish",0.319657208812838,0.388784840997267,0.434829788792263,0.48814594210278,0.58427203746822,0.0718782674151797,0.441015557453916,1987,"CMSY"
"Sebastes_mentella-27","Deepwater redfish",0.30295933667954,0.370914102077506,0.406787306554045,0.460624040569475,0.572668434364217,0.0696086596808283,0.418925123614896,1988,"CMSY"
"Sebastes_mentella-27","Deepwater redfish",0.29529426686962,0.360932618920062,0.395659431390084,0.450367297789026,0.571803947305847,0.0682903618118952,0.408365065064194,1989,"CMSY"
"Sebastes_mentella-27","Deepwater redfish",0.291120762594178,0.35219114473251,0.39227410506091,0.439712273616072,0.539613723483217,0.0645300424830546,0.398979264429886,1990,"CMSY"
"Sebastes_mentella-27","Deepwater redfish",0.284286788514395,0.344482211424056,0.383934396089192,0.429754285045156,0.531441109240265,0.0623316448089911,0.390141800181958,1991,"CMSY"
"Sebastes_mentella-27","Deepwater redfish",0.277869322037651,0.336362426085102,0.375820268498139,0.411566538829904,0.516025084898168,0.0599547865525696,0.379061524395655,1992,"CMSY"
"Sebastes_mentella-27","Deepwater redfish",0.259389963091933,0.31382248368284,0.350649023840932,0.390422529491321,0.481300081529331,0.0591665669323953,0.355909045718451,1993,"CMSY"
"Sebastes_mentella-27","Deepwater redfish",0.252975876273965,0.303511144052121,0.34129387702691,0.377490044503494,0.46140273478743,0.0591739474263026,0.34491171775864,1994,"CMSY"
"Sebastes_mentella-27","Deepwater redfish",0.244132202972077,0.299861307963954,0.336210022332539,0.373485728498719,0.454935477612667,0.058291872491135,0.33895271425742,1995,"CMSY"
"Sebastes_mentella-27","Deepwater redfish",0.239731334256212,0.295586573297336,0.334981008021504,0.376375818649934,0.464989362574504,0.0575370212549689,0.338215991816163,1996,"CMSY"
"Sebastes_mentella-27","Deepwater redfish",0.237962583633647,0.292824922614731,0.328531127870504,0.369962489861528,0.46086156425299,0.0580418828110486,0.334308393664959,1997,"CMSY"
"Sebastes_mentella-27","Deepwater redfish",0.233012429666322,0.28504372385786,0.325110145732412,0.366371251340307,0.449302762107562,0.057548560779068,0.33105191176758,1998,"CMSY"
"Sebastes_mentella-27","Deepwater redfish",0.226092646568049,0.281949730149045,0.320054581029933,0.366444494559875,0.447713683723957,0.0574768886977632,0.326078687472482,1999,"CMSY"
"Sebastes_mentella-27","Deepwater redfish",0.221281310875435,0.281350689444799,0.312557534799342,0.357012763565265,0.446108409510784,0.0584171034411625,0.321820750492262,2000,"CMSY"
"Sebastes_mentella-27","Deepwater redfish",0.215958691363072,0.270414606547766,0.303381863958577,0.35142451279137,0.440651637333309,0.0587634049528134,0.313169869266249,2001,"CMSY"
"Sebastes_mentella-27","Deepwater redfish",0.214105121236599,0.266698191139108,0.300504120272786,0.349453861672523,0.437615157196858,0.0602380794327162,0.309268645929503,2002,"CMSY"
"Sebastes_mentella-27","Deepwater redfish",0.210780074633161,0.265961918264832,0.298917771792011,0.348332246340951,0.4505317829397,0.0620846403685236,0.310124634982065,2003,"CMSY"
"Sebastes_mentella-27","Deepwater redfish",0.212500454819986,0.267901935407133,0.300011856437448,0.359548054945142,0.452607935111309,0.0659174053416967,0.313569673633877,2004,"CMSY"
"Sebastes_mentella-27","Deepwater redfish",0.203121912494936,0.265211165992655,0.30446879238954,0.364973527560543,0.468079394295838,0.070914900255878,0.316407636894804,2005,"CMSY"
"Sebastes_mentella-27","Deepwater redfish",0.197521081607521,0.265226311518921,0.306779213522864,0.366987684650005,0.465980813599861,0.0753032872251206,0.318733756005385,2006,"CMSY"
"Sebastes_mentella-27","Deepwater redfish",0.19440326115008,0.264260920782165,0.313782514793276,0.382832719647196,0.492218931998885,0.0824105048112608,0.326675722250724,2007,"CMSY"
"Sebastes_mentella-27","Deepwater redfish",0.184364638759644,0.264917046850833,0.320276271734333,0.395548401322132,0.530569734738139,0.0912988163750348,0.333319480947094,2008,"CMSY"
"Sebastes_mentella-27","Deepwater redfish",0.167751061360948,0.273094577517905,0.335456193404013,0.413075646667894,0.542687871596206,0.10097270249335,0.342951344279488,2009,"CMSY"
"Sebastes_mentella-27","Deepwater redfish",0.15775710572818,0.276921372839507,0.35424965021078,0.434070192435894,0.573653078122572,0.113510820670838,0.359123829744712,2010,"CMSY"
"Sebastes_mentella-27","Deepwater redfish",0.149740660155644,0.289268428202876,0.372380141010665,0.4747184068728,0.614573257399694,0.128317385149981,0.381746390689535,2011,"CMSY"
"Sebastes_mentella-27","Deepwater redfish",0.139138536808047,0.294611844039419,0.407175696409922,0.519768767259663,0.650605301561251,0.143268220295402,0.405500596118903,2012,"CMSY"
"Sebastes_mentella-27","Deepwater redfish",0.108508039624345,0.302041296157996,0.43256666578638,0.561161506904238,0.688530648482206,0.163067936947525,0.426956582924082,2013,"CMSY"
"Sebastes_mentella-27","Deepwater redfish",0.0810833838797088,0.315791252567897,0.473086551134691,0.609341006929371,0.737103748447641,0.186579270004608,0.455962847017992,2014,"CMSY"
"Sebastes_mentella-27","Deepwater redfish",0.0546487618076161,0.338844691618323,0.518229801165035,0.659994506928635,0.785742860721959,0.212369990617193,0.489676842819746,2015,"CMSY"
