"rgn_id","stock_id","year","taxon_key","catch","bmsy","score","Mean_score","TaxonPenaltyCode","penalty","score_gf","score_gapfilled"
1,"Sebastes_marinus-27",1980,600501,20431.5452,NA,NA,NA,6,1,NA,"Mean gapfilled"
1,"Sebastes_marinus-27",1981,600501,20431.5452,NA,NA,NA,6,1,NA,"Mean gapfilled"
1,"Sebastes_marinus-27",1982,600501,20431.5452,NA,NA,NA,6,1,NA,"Mean gapfilled"
1,"Sebastes_marinus-27",1983,600501,20431.5452,NA,NA,NA,6,1,NA,"Mean gapfilled"
1,"Sebastes_marinus-27",1984,600501,20431.5452,NA,0.87663650729748,0.87663650729748,6,1,0.87663650729748,"Mean gapfilled"
1,"Sebastes_marinus-27",1985,600501,20431.5452,NA,0.942940152229645,0.942940152229645,6,1,0.942940152229645,"Mean gapfilled"
1,"Sebastes_marinus-27",1986,600501,20431.5452,NA,0.970771069800679,0.970771069800679,6,1,0.970771069800679,"Mean gapfilled"
1,"Sebastes_marinus-27",1987,600501,20431.5452,NA,0.979714814968768,0.979714814968768,6,1,0.979714814968768,"Mean gapfilled"
1,"Sebastes_marinus-27",1988,600501,20431.5452,NA,0.989370284559039,0.989370284559039,6,1,0.989370284559039,"Mean gapfilled"
1,"Sebastes_marinus-27",1989,600501,20431.5452,NA,1,1,6,1,1,"Mean gapfilled"
1,"Sebastes_marinus-27",1990,600501,20431.5452,NA,1,1,6,1,1,"Mean gapfilled"
1,"Sebastes_marinus-27",1991,600501,20431.5452,NA,1,1,6,1,1,"Mean gapfilled"
1,"Sebastes_marinus-27",1992,600501,20431.5452,NA,1,1,6,1,1,"Mean gapfilled"
1,"Sebastes_marinus-27",1993,600501,20431.5452,NA,1,1,6,1,1,"Mean gapfilled"
1,"Sebastes_marinus-27",1994,600501,20431.5452,NA,1,1,6,1,1,"Mean gapfilled"
1,"Sebastes_marinus-27",1995,600501,20431.5452,NA,1,1,6,1,1,"Mean gapfilled"
1,"Sebastes_marinus-27",1996,600501,20431.5452,NA,1,1,6,1,1,"Mean gapfilled"
1,"Sebastes_marinus-27",1997,600501,20431.5452,NA,1,1,6,1,1,"Mean gapfilled"
1,"Sebastes_marinus-27",1998,600501,20431.5452,NA,1,1,6,1,1,"Mean gapfilled"
1,"Sebastes_marinus-27",1999,600501,20431.5452,NA,1,1,6,1,1,"Mean gapfilled"
1,"Sebastes_marinus-27",2000,600501,20431.5452,NA,1,1,6,1,1,"Mean gapfilled"
1,"Sebastes_marinus-27",2001,600501,20431.5452,NA,1,1,6,1,1,"Mean gapfilled"
1,"Sebastes_marinus-27",2002,600501,20431.5452,NA,1,1,6,1,1,"Mean gapfilled"
1,"Sebastes_marinus-27",2003,600501,20431.5452,NA,1,1,6,1,1,"Mean gapfilled"
1,"Sebastes_marinus-27",2004,600501,20431.5452,NA,1,1,6,1,1,"Mean gapfilled"
1,"Sebastes_marinus-27",2005,600501,20431.5452,NA,1,1,6,1,1,"Mean gapfilled"
1,"Sebastes_marinus-27",2006,600501,20431.5452,NA,1,1,6,1,1,"Mean gapfilled"
1,"Sebastes_marinus-27",2007,600501,20431.5452,NA,1,1,6,1,1,"Mean gapfilled"
1,"Sebastes_marinus-27",2008,600501,20431.5452,NA,1,1,6,1,1,"Mean gapfilled"
1,"Sebastes_marinus-27",2009,600501,20431.5452,NA,1,1,6,1,1,"Mean gapfilled"
1,"Sebastes_marinus-27",2010,600501,20431.5452,NA,1,1,6,1,1,"Mean gapfilled"
1,"Sebastes_marinus-27",2011,600501,20431.5452,NA,1,1,6,1,1,"Mean gapfilled"
1,"Sebastes_marinus-27",2012,600501,20431.5452,NA,1,1,6,1,1,"Mean gapfilled"
1,"Sebastes_marinus-27",2013,600501,20431.5452,NA,1,1,6,1,1,"Mean gapfilled"
1,"Sebastes_marinus-27",2014,600501,20431.5452,NA,1,1,6,1,1,"Mean gapfilled"
1,"Sebastes_marinus-27",2015,600501,20431.5452,NA,1,1,6,1,1,"Mean gapfilled"
1,"Sebastes_marinus-27",2016,600501,20431.5452,NA,1,1,6,1,1,"Mean gapfilled"
1,"Sebastes_marinus-27",2017,600501,20431.5452,NA,1,1,6,1,1,"Mean gapfilled"
1,"Sebastes_marinus-27",2018,600501,20431.5452,NA,1,1,6,1,1,"Mean gapfilled"
1,"Sebastes_marinus-27",2019,600501,20431.5452,NA,1,1,6,1,1,"Mean gapfilled"
1,"Sebastes_marinus-27",2020,600501,20431.5452,NA,1,1,6,1,1,"Mean gapfilled"
1,"Sebastes_marinus-27",2021,600501,20431.5452,NA,1,1,6,1,1,"Mean gapfilled"
1,"Sebastes_marinus-27",2022,600501,20431.5452,NA,1,1,6,1,1,"Mean gapfilled"
1,"Sebastes_marinus-27",2023,600501,20431.5452,NA,1,1,6,1,1,"Mean gapfilled"
1,"Sebastes_marinus-27",2024,600501,20431.5452,NA,1,1,6,1,1,"Mean gapfilled"
1,"Sebastes_marinus-27",2025,600501,20431.5452,NA,1,1,6,1,1,"Mean gapfilled"
1,"Sebastes_marinus-27",2026,600501,20431.5452,NA,1,1,6,1,1,"Mean gapfilled"
1,"Sebastes_marinus-27",2027,600501,20431.5452,NA,1,1,6,1,1,"Mean gapfilled"
1,"Sebastes_marinus-27",2028,600501,20431.5452,NA,1,1,6,1,1,"Mean gapfilled"
1,"Sebastes_marinus-27",2029,600501,20431.5452,NA,1,1,6,1,1,"Mean gapfilled"
1,"Sebastes_marinus-27",2030,600501,20431.5452,NA,1,1,6,1,1,"Mean gapfilled"
1,"Sebastes_marinus-27",2031,600501,20431.5452,NA,0.991327227036356,0.991327227036356,6,1,0.991327227036356,"Mean gapfilled"
1,"Sebastes_marinus-27",2032,600501,20431.5452,NA,0.986322100103379,0.986322100103379,6,1,0.986322100103379,"Mean gapfilled"
1,"Sebastes_marinus-27",2033,600501,20431.5452,NA,0.982004394474803,0.982004394474803,6,1,0.982004394474803,"Mean gapfilled"
1,"Sebastes_marinus-27",2034,600501,20431.5452,NA,0.979922685167601,0.979922685167601,6,1,0.979922685167601,"Mean gapfilled"
1,"Sebastes_marinus-27",2035,600501,20431.5452,NA,0.980715013550617,0.980715013550617,6,1,0.980715013550617,"Mean gapfilled"
1,"Sebastes_marinus-27",2036,600501,20431.5452,NA,0.98464477390714,0.98464477390714,6,1,0.98464477390714,"Mean gapfilled"
1,"Sebastes_marinus-27",2037,600501,20431.5452,NA,0.991376306202614,0.991376306202614,6,1,0.991376306202614,"Mean gapfilled"
1,"Sebastes_marinus-27",2038,600501,20431.5452,NA,1,1,6,1,1,"Mean gapfilled"
1,"Sebastes_marinus-27",2039,600501,20431.5452,NA,1,1,6,1,1,"Mean gapfilled"
1,"Sebastes_marinus-27",2040,600501,20431.5452,NA,1,1,6,1,1,"Mean gapfilled"
1,"Sebastes_marinus-27",2041,600501,20431.5452,NA,1,1,6,1,1,"Mean gapfilled"
1,"Sebastes_marinus-27",2042,600501,20431.5452,NA,1,1,6,1,1,"Mean gapfilled"
1,"Sebastes_marinus-27",2043,600501,20431.5452,NA,1,1,6,1,1,"Mean gapfilled"
1,"Sebastes_marinus-27",2044,600501,20431.5452,NA,1,1,6,1,1,"Mean gapfilled"
1,"Sebastes_marinus-27",2045,600501,20431.5452,NA,1,1,6,1,1,"Mean gapfilled"
1,"Sebastes_marinus-27",2046,600501,20431.5452,NA,1,1,6,1,1,"Mean gapfilled"
1,"Sebastes_marinus-27",2047,600501,20431.5452,NA,1,1,6,1,1,"Mean gapfilled"
1,"Sebastes_marinus-27",2048,600501,20431.5452,NA,1,1,6,1,1,"Mean gapfilled"
1,"Sebastes_marinus-27",2049,600501,20431.5452,NA,1,1,6,1,1,"Mean gapfilled"
1,"Sebastes_marinus-27",2050,600501,20431.5452,NA,1,1,6,1,1,"Mean gapfilled"
1,"Sebastes_marinus-27",2051,600501,20431.5452,NA,1,1,6,1,1,"Mean gapfilled"
1,"Sebastes_marinus-27",2052,600501,20431.5452,NA,1,1,6,1,1,"Mean gapfilled"
1,"Sebastes_marinus-27",2053,600501,20431.5452,NA,1,1,6,1,1,"Mean gapfilled"
1,"Sebastes_marinus-27",2054,600501,20431.5452,NA,1,1,6,1,1,"Mean gapfilled"
1,"Sebastes_marinus-27",2055,600501,20431.5452,NA,1,1,6,1,1,"Mean gapfilled"
1,"Sebastes_marinus-27",2056,600501,20431.5452,NA,1,1,6,1,1,"Mean gapfilled"
1,"Sebastes_marinus-27",2057,600501,20431.5452,NA,1,1,6,1,1,"Mean gapfilled"
1,"Sebastes_marinus-27",2058,600501,20431.5452,NA,1,1,6,1,1,"Mean gapfilled"
1,"Sebastes_marinus-27",2059,600501,20431.5452,NA,1,1,6,1,1,"Mean gapfilled"
1,"Sebastes_marinus-27",2060,600501,20431.5452,NA,1,1,6,1,1,"Mean gapfilled"
1,"Sebastes_marinus-27",2061,600501,20431.5452,NA,1,1,6,1,1,"Mean gapfilled"
1,"Sebastes_marinus-27",2062,600501,20431.5452,NA,1,1,6,1,1,"Mean gapfilled"
1,"Sebastes_marinus-27",2063,600501,20431.5452,NA,1,1,6,1,1,"Mean gapfilled"
1,"Sebastes_marinus-27",2064,600501,20431.5452,NA,1,1,6,1,1,"Mean gapfilled"
1,"Sebastes_marinus-27",2065,600501,20431.5452,NA,1,1,6,1,1,"Mean gapfilled"
1,"Sebastes_marinus-27",2066,600501,20431.5452,NA,1,1,6,1,1,"Mean gapfilled"
1,"Sebastes_marinus-27",2067,600501,20431.5452,NA,1,1,6,1,1,"Mean gapfilled"
1,"Sebastes_marinus-27",2068,600501,20431.5452,NA,1,1,6,1,1,"Mean gapfilled"
1,"Reinhardtius_hippoglossoides-27",1980,600516,57769.92299,NA,NA,NA,6,1,NA,"Mean gapfilled"
1,"Reinhardtius_hippoglossoides-27",1981,600516,57769.92299,NA,NA,NA,6,1,NA,"Mean gapfilled"
1,"Reinhardtius_hippoglossoides-27",1982,600516,57769.92299,NA,NA,NA,6,1,NA,"Mean gapfilled"
1,"Reinhardtius_hippoglossoides-27",1983,600516,57769.92299,NA,NA,NA,6,1,NA,"Mean gapfilled"
1,"Reinhardtius_hippoglossoides-27",1984,600516,57769.92299,0.817024284592502,0.817024284592502,0.87663650729748,6,1,0.87663650729748,"none"
1,"Reinhardtius_hippoglossoides-27",1985,600516,57769.92299,0.888534585937323,0.888534585937323,0.942940152229645,6,1,0.942940152229645,"none"
1,"Reinhardtius_hippoglossoides-27",1986,600516,57769.92299,0.960216953497547,1,0.970771069800679,6,1,0.970771069800679,"none"
1,"Reinhardtius_hippoglossoides-27",1987,600516,57769.92299,1.02978865384612,1,0.979714814968768,6,1,0.979714814968768,"none"
1,"Reinhardtius_hippoglossoides-27",1988,600516,57769.92299,1.09595638647595,1,0.989370284559039,6,1,0.989370284559039,"none"
1,"Reinhardtius_hippoglossoides-27",1989,600516,57769.92299,1.15735827450427,1,1,6,1,1,"none"
1,"Reinhardtius_hippoglossoides-27",1990,600516,57769.92299,1.21350730267662,1,1,6,1,1,"none"
1,"Reinhardtius_hippoglossoides-27",1991,600516,57769.92299,1.26390716043042,1,1,6,1,1,"none"
1,"Reinhardtius_hippoglossoides-27",1992,600516,57769.92299,1.30791242268058,1,1,6,1,1,"none"
1,"Reinhardtius_hippoglossoides-27",1993,600516,57769.92299,1.34525017626486,1,1,6,1,1,"none"
1,"Reinhardtius_hippoglossoides-27",1994,600516,57769.92299,1.38107053266893,1,1,6,1,1,"none"
1,"Reinhardtius_hippoglossoides-27",1995,600516,57769.92299,1.41347942233065,1,1,6,1,1,"none"
1,"Reinhardtius_hippoglossoides-27",1996,600516,57769.92299,1.4419903331716,1,1,6,1,1,"none"
1,"Reinhardtius_hippoglossoides-27",1997,600516,57769.92299,1.47188640618151,1,1,6,1,1,"none"
1,"Reinhardtius_hippoglossoides-27",1998,600516,57769.92299,1.50116657234571,1,1,6,1,1,"none"
1,"Reinhardtius_hippoglossoides-27",1999,600516,57769.92299,1.52097324065622,1,1,6,1,1,"none"
1,"Reinhardtius_hippoglossoides-27",2000,600516,57769.92299,1.53864448199172,1,1,6,1,1,"none"
1,"Reinhardtius_hippoglossoides-27",2001,600516,57769.92299,1.55415343107147,1,1,6,1,1,"none"
1,"Reinhardtius_hippoglossoides-27",2002,600516,57769.92299,1.56620698374088,1,1,6,1,1,"none"
1,"Reinhardtius_hippoglossoides-27",2003,600516,57769.92299,1.57758660750457,1,1,6,1,1,"none"
1,"Reinhardtius_hippoglossoides-27",2004,600516,57769.92299,1.5888753886216,1,1,6,1,1,"none"
1,"Reinhardtius_hippoglossoides-27",2005,600516,57769.92299,1.596859979863,1,1,6,1,1,"none"
1,"Reinhardtius_hippoglossoides-27",2006,600516,57769.92299,1.60385818598543,1,1,6,1,1,"none"
1,"Reinhardtius_hippoglossoides-27",2007,600516,57769.92299,1.61009637495478,1,1,6,1,1,"none"
1,"Reinhardtius_hippoglossoides-27",2008,600516,57769.92299,1.61678502692292,1,1,6,1,1,"none"
1,"Reinhardtius_hippoglossoides-27",2009,600516,57769.92299,1.62853063268774,1,1,6,1,1,"none"
1,"Reinhardtius_hippoglossoides-27",2010,600516,57769.92299,1.64240703991943,1,1,6,1,1,"none"
1,"Reinhardtius_hippoglossoides-27",2011,600516,57769.92299,1.65746912134384,1,1,6,1,1,"none"
1,"Reinhardtius_hippoglossoides-27",2012,600516,57769.92299,1.67002295045704,1,1,6,1,1,"none"
1,"Reinhardtius_hippoglossoides-27",2013,600516,57769.92299,1.67958245898131,1,1,6,1,1,"none"
1,"Reinhardtius_hippoglossoides-27",2014,600516,57769.92299,1.68558051181982,1,1,6,1,1,"none"
1,"Reinhardtius_hippoglossoides-27",2015,600516,57769.92299,1.69067465983505,1,1,6,1,1,"none"
1,"Reinhardtius_hippoglossoides-27",2016,600516,57769.92299,1.66960134488752,1,1,6,1,1,"none"
1,"Reinhardtius_hippoglossoides-27",2017,600516,57769.92299,1.6317665475367,1,1,6,1,1,"none"
1,"Reinhardtius_hippoglossoides-27",2018,600516,57769.92299,1.58185009573608,1,1,6,1,1,"none"
1,"Reinhardtius_hippoglossoides-27",2019,600516,57769.92299,1.52402307031936,1,1,6,1,1,"none"
1,"Reinhardtius_hippoglossoides-27",2020,600516,57769.92299,1.45996459691446,1,1,6,1,1,"none"
1,"Reinhardtius_hippoglossoides-27",2021,600516,57769.92299,1.416385833004,1,1,6,1,1,"none"
1,"Reinhardtius_hippoglossoides-27",2022,600516,57769.92299,1.38683986022651,1,1,6,1,1,"none"
1,"Reinhardtius_hippoglossoides-27",2023,600516,57769.92299,1.36682520832758,1,1,6,1,1,"none"
1,"Reinhardtius_hippoglossoides-27",2024,600516,57769.92299,1.35293339407554,1,1,6,1,1,"none"
1,"Reinhardtius_hippoglossoides-27",2025,600516,57769.92299,1.34282305965606,1,1,6,1,1,"none"
1,"Reinhardtius_hippoglossoides-27",2026,600516,57769.92299,1.33518101314321,1,1,6,1,1,"none"
1,"Reinhardtius_hippoglossoides-27",2027,600516,57769.92299,1.32886114727172,1,1,6,1,1,"none"
1,"Reinhardtius_hippoglossoides-27",2028,600516,57769.92299,1.32334618188611,1,1,6,1,1,"none"
1,"Reinhardtius_hippoglossoides-27",2029,600516,57769.92299,1.31826509661273,1,1,6,1,1,"none"
1,"Reinhardtius_hippoglossoides-27",2030,600516,57769.92299,1.31318090070787,1,1,6,1,1,"none"
1,"Reinhardtius_hippoglossoides-27",2031,600516,57769.92299,1.30840098156415,1,0.991327227036356,6,1,0.991327227036356,"none"
1,"Reinhardtius_hippoglossoides-27",2032,600516,57769.92299,1.30395938958927,1,0.986322100103379,6,1,0.986322100103379,"none"
1,"Reinhardtius_hippoglossoides-27",2033,600516,57769.92299,1.3001265974851,1,0.982004394474803,6,1,0.982004394474803,"none"
1,"Reinhardtius_hippoglossoides-27",2034,600516,57769.92299,1.29682380710455,1,0.979922685167601,6,1,0.979922685167601,"none"
1,"Reinhardtius_hippoglossoides-27",2035,600516,57769.92299,1.29433579431621,1,0.980715013550617,6,1,0.980715013550617,"none"
1,"Reinhardtius_hippoglossoides-27",2036,600516,57769.92299,1.29256650396992,1,0.98464477390714,6,1,0.98464477390714,"none"
1,"Reinhardtius_hippoglossoides-27",2037,600516,57769.92299,1.29098468324141,1,0.991376306202614,6,1,0.991376306202614,"none"
1,"Reinhardtius_hippoglossoides-27",2038,600516,57769.92299,1.28975845985571,1,1,6,1,1,"none"
1,"Reinhardtius_hippoglossoides-27",2039,600516,57769.92299,1.28872428265433,1,1,6,1,1,"none"
1,"Reinhardtius_hippoglossoides-27",2040,600516,57769.92299,1.28713637045645,1,1,6,1,1,"none"
1,"Reinhardtius_hippoglossoides-27",2041,600516,57769.92299,1.28571982827699,1,1,6,1,1,"none"
1,"Reinhardtius_hippoglossoides-27",2042,600516,57769.92299,1.28456293626678,1,1,6,1,1,"none"
1,"Reinhardtius_hippoglossoides-27",2043,600516,57769.92299,1.28355902945979,1,1,6,1,1,"none"
1,"Reinhardtius_hippoglossoides-27",2044,600516,57769.92299,1.28264279304342,1,1,6,1,1,"none"
1,"Reinhardtius_hippoglossoides-27",2045,600516,57769.92299,1.28235144831286,1,1,6,1,1,"none"
1,"Reinhardtius_hippoglossoides-27",2046,600516,57769.92299,1.28204974673818,1,1,6,1,1,"none"
1,"Reinhardtius_hippoglossoides-27",2047,600516,57769.92299,1.28136546175993,1,1,6,1,1,"none"
1,"Reinhardtius_hippoglossoides-27",2048,600516,57769.92299,1.28019254111157,1,1,6,1,1,"none"
1,"Reinhardtius_hippoglossoides-27",2049,600516,57769.92299,1.27842074159494,1,1,6,1,1,"none"
1,"Reinhardtius_hippoglossoides-27",2050,600516,57769.92299,1.27575257990074,1,1,6,1,1,"none"
1,"Reinhardtius_hippoglossoides-27",2051,600516,57769.92299,1.27271826387142,1,1,6,1,1,"none"
1,"Reinhardtius_hippoglossoides-27",2052,600516,57769.92299,1.26922214434155,1,1,6,1,1,"none"
1,"Reinhardtius_hippoglossoides-27",2053,600516,57769.92299,1.26501682327014,1,1,6,1,1,"none"
1,"Reinhardtius_hippoglossoides-27",2054,600516,57769.92299,1.26054987434075,1,1,6,1,1,"none"
1,"Reinhardtius_hippoglossoides-27",2055,600516,57769.92299,1.25580880804771,1,1,6,1,1,"none"
1,"Reinhardtius_hippoglossoides-27",2056,600516,57769.92299,1.25079959571196,1,1,6,1,1,"none"
1,"Reinhardtius_hippoglossoides-27",2057,600516,57769.92299,1.24567127796063,1,1,6,1,1,"none"
1,"Reinhardtius_hippoglossoides-27",2058,600516,57769.92299,1.24019206004953,1,1,6,1,1,"none"
1,"Reinhardtius_hippoglossoides-27",2059,600516,57769.92299,1.23461017618781,1,1,6,1,1,"none"
1,"Reinhardtius_hippoglossoides-27",2060,600516,57769.92299,1.22891188376794,1,1,6,1,1,"none"
1,"Reinhardtius_hippoglossoides-27",2061,600516,57769.92299,1.22286242400141,1,1,6,1,1,"none"
1,"Reinhardtius_hippoglossoides-27",2062,600516,57769.92299,1.21615826352318,1,1,6,1,1,"none"
1,"Reinhardtius_hippoglossoides-27",2063,600516,57769.92299,1.20992389638755,1,1,6,1,1,"none"
1,"Reinhardtius_hippoglossoides-27",2064,600516,57769.92299,1.20335530678214,1,1,6,1,1,"none"
1,"Reinhardtius_hippoglossoides-27",2065,600516,57769.92299,1.19659648217723,1,1,6,1,1,"none"
1,"Reinhardtius_hippoglossoides-27",2066,600516,57769.92299,1.18891594652281,1,1,6,1,1,"none"
1,"Reinhardtius_hippoglossoides-27",2067,600516,57769.92299,1.18077702600438,1,1,6,1,1,"none"
1,"Reinhardtius_hippoglossoides-27",2068,600516,57769.92299,1.17112066596399,1,1,6,1,1,"none"
1,"Scomber_scombrus-27",1980,600118,227136.0988,NA,NA,NA,6,1,NA,"Mean gapfilled"
1,"Scomber_scombrus-27",1981,600118,227136.0988,NA,NA,NA,6,1,NA,"Mean gapfilled"
1,"Scomber_scombrus-27",1982,600118,227136.0988,NA,NA,NA,6,1,NA,"Mean gapfilled"
1,"Scomber_scombrus-27",1983,600118,227136.0988,NA,NA,NA,6,1,NA,"Mean gapfilled"
1,"Scomber_scombrus-27",1984,600118,227136.0988,0.838812834488528,0.838812834488528,0.87663650729748,6,1,0.87663650729748,"none"
1,"Scomber_scombrus-27",1985,600118,227136.0988,0.942572726168515,0.942572726168515,0.942940152229645,6,1,0.942940152229645,"none"
1,"Scomber_scombrus-27",1986,600118,227136.0988,1.04750341702247,1,0.970771069800679,6,1,0.970771069800679,"none"
1,"Scomber_scombrus-27",1987,600118,227136.0988,1.14494487186786,1,0.979714814968768,6,1,0.979714814968768,"none"
1,"Scomber_scombrus-27",1988,600118,227136.0988,1.23040411166694,1,0.989370284559039,6,1,0.989370284559039,"none"
1,"Scomber_scombrus-27",1989,600118,227136.0988,1.30599233604617,1,1,6,1,1,"none"
1,"Scomber_scombrus-27",1990,600118,227136.0988,1.36461194161093,1,1,6,1,1,"none"
1,"Scomber_scombrus-27",1991,600118,227136.0988,1.40725009622771,1,1,6,1,1,"none"
1,"Scomber_scombrus-27",1992,600118,227136.0988,1.4294157627163,1,1,6,1,1,"none"
1,"Scomber_scombrus-27",1993,600118,227136.0988,1.4281107846264,1,1,6,1,1,"none"
1,"Scomber_scombrus-27",1994,600118,227136.0988,1.39756206525475,1,1,6,1,1,"none"
1,"Scomber_scombrus-27",1995,600118,227136.0988,1.35469061527207,1,1,6,1,1,"none"
1,"Scomber_scombrus-27",1996,600118,227136.0988,1.31857738681107,1,1,6,1,1,"none"
1,"Scomber_scombrus-27",1997,600118,227136.0988,1.29863291963833,1,1,6,1,1,"none"
1,"Scomber_scombrus-27",1998,600118,227136.0988,1.28660962140825,1,1,6,1,1,"none"
1,"Scomber_scombrus-27",1999,600118,227136.0988,1.29809364774762,1,1,6,1,1,"none"
1,"Scomber_scombrus-27",2000,600118,227136.0988,1.31167058024515,1,1,6,1,1,"none"
1,"Scomber_scombrus-27",2001,600118,227136.0988,1.30827317562541,1,1,6,1,1,"none"
1,"Scomber_scombrus-27",2002,600118,227136.0988,1.29257463760601,1,1,6,1,1,"none"
1,"Scomber_scombrus-27",2003,600118,227136.0988,1.29310059199699,1,1,6,1,1,"none"
1,"Scomber_scombrus-27",2004,600118,227136.0988,1.29619968948387,1,1,6,1,1,"none"
1,"Scomber_scombrus-27",2005,600118,227136.0988,1.31583746955657,1,1,6,1,1,"none"
1,"Scomber_scombrus-27",2006,600118,227136.0988,1.36086556209967,1,1,6,1,1,"none"
1,"Scomber_scombrus-27",2007,600118,227136.0988,1.41697753042906,1,1,6,1,1,"none"
1,"Scomber_scombrus-27",2008,600118,227136.0988,1.46809260021669,1,1,6,1,1,"none"
1,"Scomber_scombrus-27",2009,600118,227136.0988,1.51076421795757,1,1,6,1,1,"none"
1,"Scomber_scombrus-27",2010,600118,227136.0988,1.53864748246726,1,1,6,1,1,"none"
1,"Scomber_scombrus-27",2011,600118,227136.0988,1.54684261013247,1,1,6,1,1,"none"
1,"Scomber_scombrus-27",2012,600118,227136.0988,1.55440690180666,1,1,6,1,1,"none"
1,"Scomber_scombrus-27",2013,600118,227136.0988,1.55974730964532,1,1,6,1,1,"none"
1,"Scomber_scombrus-27",2014,600118,227136.0988,1.54854745495407,1,1,6,1,1,"none"
1,"Scomber_scombrus-27",2015,600118,227136.0988,1.53820709020495,1,1,6,1,1,"none"
1,"Scomber_scombrus-27",2016,600118,227136.0988,1.51480000172269,1,1,6,1,1,"none"
1,"Scomber_scombrus-27",2017,600118,227136.0988,1.47691312799657,1,1,6,1,1,"none"
1,"Scomber_scombrus-27",2018,600118,227136.0988,1.43051996022351,1,1,6,1,1,"none"
1,"Scomber_scombrus-27",2019,600118,227136.0988,1.39654414317102,1,1,6,1,1,"none"
1,"Scomber_scombrus-27",2020,600118,227136.0988,1.36220297888216,1,1,6,1,1,"none"
1,"Scomber_scombrus-27",2021,600118,227136.0988,1.34157667929451,1,1,6,1,1,"none"
1,"Scomber_scombrus-27",2022,600118,227136.0988,1.32969493187237,1,1,6,1,1,"none"
1,"Scomber_scombrus-27",2023,600118,227136.0988,1.32299219035697,1,1,6,1,1,"none"
1,"Scomber_scombrus-27",2024,600118,227136.0988,1.31942150490436,1,1,6,1,1,"none"
1,"Scomber_scombrus-27",2025,600118,227136.0988,1.31798464426331,1,1,6,1,1,"none"
1,"Scomber_scombrus-27",2026,600118,227136.0988,1.3187510715686,1,1,6,1,1,"none"
1,"Scomber_scombrus-27",2027,600118,227136.0988,1.3210480872615,1,1,6,1,1,"none"
1,"Scomber_scombrus-27",2028,600118,227136.0988,1.32335168860556,1,1,6,1,1,"none"
1,"Scomber_scombrus-27",2029,600118,227136.0988,1.32587145449807,1,1,6,1,1,"none"
1,"Scomber_scombrus-27",2030,600118,227136.0988,1.32729120837739,1,1,6,1,1,"none"
1,"Scomber_scombrus-27",2031,600118,227136.0988,1.32739576826043,1,0.991327227036356,6,1,0.991327227036356,"none"
1,"Scomber_scombrus-27",2032,600118,227136.0988,1.32607853347513,1,0.986322100103379,6,1,0.986322100103379,"none"
1,"Scomber_scombrus-27",2033,600118,227136.0988,1.3240956829495,1,0.982004394474803,6,1,0.982004394474803,"none"
1,"Scomber_scombrus-27",2034,600118,227136.0988,1.32169551919235,1,0.979922685167601,6,1,0.979922685167601,"none"
1,"Scomber_scombrus-27",2035,600118,227136.0988,1.32030306397102,1,0.980715013550617,6,1,0.980715013550617,"none"
1,"Scomber_scombrus-27",2036,600118,227136.0988,1.32062844570937,1,0.98464477390714,6,1,0.98464477390714,"none"
1,"Scomber_scombrus-27",2037,600118,227136.0988,1.32260766916398,1,0.991376306202614,6,1,0.991376306202614,"none"
1,"Scomber_scombrus-27",2038,600118,227136.0988,1.32603857576327,1,1,6,1,1,"none"
1,"Scomber_scombrus-27",2039,600118,227136.0988,1.32986054746288,1,1,6,1,1,"none"
1,"Scomber_scombrus-27",2040,600118,227136.0988,1.33331303324534,1,1,6,1,1,"none"
1,"Scomber_scombrus-27",2041,600118,227136.0988,1.33596729992462,1,1,6,1,1,"none"
1,"Scomber_scombrus-27",2042,600118,227136.0988,1.33822860231314,1,1,6,1,1,"none"
1,"Scomber_scombrus-27",2043,600118,227136.0988,1.34014442390685,1,1,6,1,1,"none"
1,"Scomber_scombrus-27",2044,600118,227136.0988,1.34228694683462,1,1,6,1,1,"none"
1,"Scomber_scombrus-27",2045,600118,227136.0988,1.34453233007447,1,1,6,1,1,"none"
1,"Scomber_scombrus-27",2046,600118,227136.0988,1.34617132738349,1,1,6,1,1,"none"
1,"Scomber_scombrus-27",2047,600118,227136.0988,1.34630445382394,1,1,6,1,1,"none"
1,"Scomber_scombrus-27",2048,600118,227136.0988,1.34561364758835,1,1,6,1,1,"none"
1,"Scomber_scombrus-27",2049,600118,227136.0988,1.34384409694244,1,1,6,1,1,"none"
1,"Scomber_scombrus-27",2050,600118,227136.0988,1.34136387204903,1,1,6,1,1,"none"
1,"Scomber_scombrus-27",2051,600118,227136.0988,1.33839159853173,1,1,6,1,1,"none"
1,"Scomber_scombrus-27",2052,600118,227136.0988,1.335339979678,1,1,6,1,1,"none"
1,"Scomber_scombrus-27",2053,600118,227136.0988,1.33263133626153,1,1,6,1,1,"none"
1,"Scomber_scombrus-27",2054,600118,227136.0988,1.330354436922,1,1,6,1,1,"none"
1,"Scomber_scombrus-27",2055,600118,227136.0988,1.32896204682104,1,1,6,1,1,"none"
1,"Scomber_scombrus-27",2056,600118,227136.0988,1.3290434977477,1,1,6,1,1,"none"
1,"Scomber_scombrus-27",2057,600118,227136.0988,1.33016580148286,1,1,6,1,1,"none"
1,"Scomber_scombrus-27",2058,600118,227136.0988,1.33143809061295,1,1,6,1,1,"none"
1,"Scomber_scombrus-27",2059,600118,227136.0988,1.33295380971731,1,1,6,1,1,"none"
1,"Scomber_scombrus-27",2060,600118,227136.0988,1.33337035342588,1,1,6,1,1,"none"
1,"Scomber_scombrus-27",2061,600118,227136.0988,1.33207994634253,1,1,6,1,1,"none"
1,"Scomber_scombrus-27",2062,600118,227136.0988,1.32970945651178,1,1,6,1,1,"none"
1,"Scomber_scombrus-27",2063,600118,227136.0988,1.32619027516985,1,1,6,1,1,"none"
1,"Scomber_scombrus-27",2064,600118,227136.0988,1.32139264127145,1,1,6,1,1,"none"
1,"Scomber_scombrus-27",2065,600118,227136.0988,1.31562039494992,1,1,6,1,1,"none"
1,"Scomber_scombrus-27",2066,600118,227136.0988,1.30831810176975,1,1,6,1,1,"none"
1,"Scomber_scombrus-27",2067,600118,227136.0988,1.29920094613373,1,1,6,1,1,"none"
1,"Scomber_scombrus-27",2068,600118,227136.0988,1.28703318147962,1,1,6,1,1,"none"
1,"Melanogrammus_aeglefinus-27",1980,601381,79124.24723,NA,NA,NA,6,1,NA,"Mean gapfilled"
1,"Melanogrammus_aeglefinus-27",1981,601381,79124.24723,NA,NA,NA,6,1,NA,"Mean gapfilled"
1,"Melanogrammus_aeglefinus-27",1982,601381,79124.24723,NA,NA,NA,6,1,NA,"Mean gapfilled"
1,"Melanogrammus_aeglefinus-27",1983,601381,79124.24723,NA,NA,NA,6,1,NA,"Mean gapfilled"
1,"Melanogrammus_aeglefinus-27",1984,601381,79124.24723,1.65115268742233,1,0.87663650729748,6,1,0.87663650729748,"none"
1,"Melanogrammus_aeglefinus-27",1985,601381,79124.24723,1.71074685712926,1,0.942940152229645,6,1,0.942940152229645,"none"
1,"Melanogrammus_aeglefinus-27",1986,601381,79124.24723,1.74229192634156,1,0.970771069800679,6,1,0.970771069800679,"none"
1,"Melanogrammus_aeglefinus-27",1987,601381,79124.24723,1.7484601158833,1,0.979714814968768,6,1,0.979714814968768,"none"
1,"Melanogrammus_aeglefinus-27",1988,601381,79124.24723,1.75103109889853,1,0.989370284559039,6,1,0.989370284559039,"none"
1,"Melanogrammus_aeglefinus-27",1989,601381,79124.24723,1.75690087248865,1,1,6,1,1,"none"
1,"Melanogrammus_aeglefinus-27",1990,601381,79124.24723,1.7666824131469,1,1,6,1,1,"none"
1,"Melanogrammus_aeglefinus-27",1991,601381,79124.24723,1.76255573591157,1,1,6,1,1,"none"
1,"Melanogrammus_aeglefinus-27",1992,601381,79124.24723,1.73618204372378,1,1,6,1,1,"none"
1,"Melanogrammus_aeglefinus-27",1993,601381,79124.24723,1.68409377024414,1,1,6,1,1,"none"
1,"Melanogrammus_aeglefinus-27",1994,601381,79124.24723,1.59057080835103,1,1,6,1,1,"none"
1,"Melanogrammus_aeglefinus-27",1995,601381,79124.24723,1.47042770252306,1,1,6,1,1,"none"
1,"Melanogrammus_aeglefinus-27",1996,601381,79124.24723,1.34296491923134,1,1,6,1,1,"none"
1,"Melanogrammus_aeglefinus-27",1997,601381,79124.24723,1.2357698093864,1,1,6,1,1,"none"
1,"Melanogrammus_aeglefinus-27",1998,601381,79124.24723,1.1584854067668,1,1,6,1,1,"none"
1,"Melanogrammus_aeglefinus-27",1999,601381,79124.24723,1.1386067329836,1,1,6,1,1,"none"
1,"Melanogrammus_aeglefinus-27",2000,601381,79124.24723,1.16019085710183,1,1,6,1,1,"none"
1,"Melanogrammus_aeglefinus-27",2001,601381,79124.24723,1.22397055581335,1,1,6,1,1,"none"
1,"Melanogrammus_aeglefinus-27",2002,601381,79124.24723,1.3115249542422,1,1,6,1,1,"none"
1,"Melanogrammus_aeglefinus-27",2003,601381,79124.24723,1.39574108287587,1,1,6,1,1,"none"
1,"Melanogrammus_aeglefinus-27",2004,601381,79124.24723,1.45201388537026,1,1,6,1,1,"none"
1,"Melanogrammus_aeglefinus-27",2005,601381,79124.24723,1.48013467444355,1,1,6,1,1,"none"
1,"Melanogrammus_aeglefinus-27",2006,601381,79124.24723,1.46808248438782,1,1,6,1,1,"none"
1,"Melanogrammus_aeglefinus-27",2007,601381,79124.24723,1.41808492395124,1,1,6,1,1,"none"
1,"Melanogrammus_aeglefinus-27",2008,601381,79124.24723,1.35866036174881,1,1,6,1,1,"none"
1,"Melanogrammus_aeglefinus-27",2009,601381,79124.24723,1.29934222330231,1,1,6,1,1,"none"
1,"Melanogrammus_aeglefinus-27",2010,601381,79124.24723,1.23741191062521,1,1,6,1,1,"none"
1,"Melanogrammus_aeglefinus-27",2011,601381,79124.24723,1.18087233026621,1,1,6,1,1,"none"
1,"Melanogrammus_aeglefinus-27",2012,601381,79124.24723,1.13355496026144,1,1,6,1,1,"none"
1,"Melanogrammus_aeglefinus-27",2013,601381,79124.24723,1.09868865872825,1,1,6,1,1,"none"
1,"Melanogrammus_aeglefinus-27",2014,601381,79124.24723,1.08435171465926,1,1,6,1,1,"none"
1,"Melanogrammus_aeglefinus-27",2015,601381,79124.24723,1.08972242641245,1,1,6,1,1,"none"
1,"Melanogrammus_aeglefinus-27",2016,601381,79124.24723,1.12242469383712,1,1,6,1,1,"none"
1,"Melanogrammus_aeglefinus-27",2017,601381,79124.24723,1.17706259274896,1,1,6,1,1,"none"
1,"Melanogrammus_aeglefinus-27",2018,601381,79124.24723,1.22745030345506,1,1,6,1,1,"none"
1,"Melanogrammus_aeglefinus-27",2019,601381,79124.24723,1.27055076259914,1,1,6,1,1,"none"
1,"Melanogrammus_aeglefinus-27",2020,601381,79124.24723,1.31104456329653,1,1,6,1,1,"none"
1,"Melanogrammus_aeglefinus-27",2021,601381,79124.24723,1.32817953341933,1,1,6,1,1,"none"
1,"Melanogrammus_aeglefinus-27",2022,601381,79124.24723,1.31760759560481,1,1,6,1,1,"none"
1,"Melanogrammus_aeglefinus-27",2023,601381,79124.24723,1.27991523465508,1,1,6,1,1,"none"
1,"Melanogrammus_aeglefinus-27",2024,601381,79124.24723,1.21531911451626,1,1,6,1,1,"none"
1,"Melanogrammus_aeglefinus-27",2025,601381,79124.24723,1.133506399102,1,1,6,1,1,"none"
1,"Melanogrammus_aeglefinus-27",2026,601381,79124.24723,1.06414542860904,1,1,6,1,1,"none"
1,"Melanogrammus_aeglefinus-27",2027,601381,79124.24723,1.02114470642028,1,1,6,1,1,"none"
1,"Melanogrammus_aeglefinus-27",2028,601381,79124.24723,0.995323386661183,1,1,6,1,1,"none"
1,"Melanogrammus_aeglefinus-27",2029,601381,79124.24723,0.978042426001644,1,1,6,1,1,"none"
1,"Melanogrammus_aeglefinus-27",2030,601381,79124.24723,0.95970488682936,1,1,6,1,1,"none"
1,"Melanogrammus_aeglefinus-27",2031,601381,79124.24723,0.930617816290847,0.930617816290847,0.991327227036356,6,1,0.991327227036356,"none"
1,"Melanogrammus_aeglefinus-27",2032,601381,79124.24723,0.890576800827033,0.890576800827033,0.986322100103379,6,1,0.986322100103379,"none"
1,"Melanogrammus_aeglefinus-27",2033,601381,79124.24723,0.856035155798423,0.856035155798423,0.982004394474803,6,1,0.982004394474803,"none"
1,"Melanogrammus_aeglefinus-27",2034,601381,79124.24723,0.839381481340806,0.839381481340806,0.979922685167601,6,1,0.979922685167601,"none"
1,"Melanogrammus_aeglefinus-27",2035,601381,79124.24723,0.845720108404934,0.845720108404934,0.980715013550617,6,1,0.980715013550617,"none"
1,"Melanogrammus_aeglefinus-27",2036,601381,79124.24723,0.877158191257123,0.877158191257123,0.98464477390714,6,1,0.98464477390714,"none"
1,"Melanogrammus_aeglefinus-27",2037,601381,79124.24723,0.931010449620914,0.931010449620914,0.991376306202614,6,1,0.991376306202614,"none"
1,"Melanogrammus_aeglefinus-27",2038,601381,79124.24723,0.999841479235522,1,1,6,1,1,"none"
1,"Melanogrammus_aeglefinus-27",2039,601381,79124.24723,1.07832467988279,1,1,6,1,1,"none"
1,"Melanogrammus_aeglefinus-27",2040,601381,79124.24723,1.1606728419824,1,1,6,1,1,"none"
1,"Melanogrammus_aeglefinus-27",2041,601381,79124.24723,1.2421130816886,1,1,6,1,1,"none"
1,"Melanogrammus_aeglefinus-27",2042,601381,79124.24723,1.31649979162797,1,1,6,1,1,"none"
1,"Melanogrammus_aeglefinus-27",2043,601381,79124.24723,1.38499595127495,1,1,6,1,1,"none"
1,"Melanogrammus_aeglefinus-27",2044,601381,79124.24723,1.44552682004578,1,1,6,1,1,"none"
1,"Melanogrammus_aeglefinus-27",2045,601381,79124.24723,1.49887470038992,1,1,6,1,1,"none"
1,"Melanogrammus_aeglefinus-27",2046,601381,79124.24723,1.54668241205161,1,1,6,1,1,"none"
1,"Melanogrammus_aeglefinus-27",2047,601381,79124.24723,1.59128361543558,1,1,6,1,1,"none"
1,"Melanogrammus_aeglefinus-27",2048,601381,79124.24723,1.63069554052639,1,1,6,1,1,"none"
1,"Melanogrammus_aeglefinus-27",2049,601381,79124.24723,1.66410715977189,1,1,6,1,1,"none"
1,"Melanogrammus_aeglefinus-27",2050,601381,79124.24723,1.69283122306186,1,1,6,1,1,"none"
1,"Melanogrammus_aeglefinus-27",2051,601381,79124.24723,1.71390530505395,1,1,6,1,1,"none"
1,"Melanogrammus_aeglefinus-27",2052,601381,79124.24723,1.72411523498237,1,1,6,1,1,"none"
1,"Melanogrammus_aeglefinus-27",2053,601381,79124.24723,1.72733500452488,1,1,6,1,1,"none"
1,"Melanogrammus_aeglefinus-27",2054,601381,79124.24723,1.72589356575287,1,1,6,1,1,"none"
1,"Melanogrammus_aeglefinus-27",2055,601381,79124.24723,1.72334532151464,1,1,6,1,1,"none"
1,"Melanogrammus_aeglefinus-27",2056,601381,79124.24723,1.72156616441175,1,1,6,1,1,"none"
1,"Melanogrammus_aeglefinus-27",2057,601381,79124.24723,1.7263848468186,1,1,6,1,1,"none"
1,"Melanogrammus_aeglefinus-27",2058,601381,79124.24723,1.73389158864017,1,1,6,1,1,"none"
1,"Melanogrammus_aeglefinus-27",2059,601381,79124.24723,1.7447031287053,1,1,6,1,1,"none"
1,"Melanogrammus_aeglefinus-27",2060,601381,79124.24723,1.75492552860286,1,1,6,1,1,"none"
1,"Melanogrammus_aeglefinus-27",2061,601381,79124.24723,1.76528836740252,1,1,6,1,1,"none"
1,"Melanogrammus_aeglefinus-27",2062,601381,79124.24723,1.77124088562874,1,1,6,1,1,"none"
1,"Melanogrammus_aeglefinus-27",2063,601381,79124.24723,1.75948627267676,1,1,6,1,1,"none"
1,"Melanogrammus_aeglefinus-27",2064,601381,79124.24723,1.72437033823185,1,1,6,1,1,"none"
1,"Melanogrammus_aeglefinus-27",2065,601381,79124.24723,1.6662450793636,1,1,6,1,1,"none"
1,"Melanogrammus_aeglefinus-27",2066,601381,79124.24723,1.59085111039951,1,1,6,1,1,"none"
1,"Melanogrammus_aeglefinus-27",2067,601381,79124.24723,1.50736977156655,1,1,6,1,1,"none"
1,"Melanogrammus_aeglefinus-27",2068,601381,79124.24723,1.43344392913115,1,1,6,1,1,"none"
1,"Pollachius_virens-27",1980,601343,361563.5109,NA,NA,NA,6,1,NA,"Mean gapfilled"
1,"Pollachius_virens-27",1981,601343,361563.5109,NA,NA,NA,6,1,NA,"Mean gapfilled"
1,"Pollachius_virens-27",1982,601343,361563.5109,NA,NA,NA,6,1,NA,"Mean gapfilled"
1,"Pollachius_virens-27",1983,601343,361563.5109,NA,NA,NA,6,1,NA,"Mean gapfilled"
1,"Pollachius_virens-27",1984,601343,361563.5109,0.686703891859451,0.686703891859451,0.87663650729748,6,1,0.87663650729748,"none"
1,"Pollachius_virens-27",1985,601343,361563.5109,0.712413905731325,0.712413905731325,0.942940152229645,6,1,0.942940152229645,"none"
1,"Pollachius_virens-27",1986,601343,361563.5109,0.76616855840543,0.76616855840543,0.970771069800679,6,1,0.970771069800679,"none"
1,"Pollachius_virens-27",1987,601343,361563.5109,0.83771851975014,0.83771851975014,0.979714814968768,6,1,0.979714814968768,"none"
1,"Pollachius_virens-27",1988,601343,361563.5109,0.914962276472309,0.914962276472309,0.989370284559039,6,1,0.989370284559039,"none"
1,"Pollachius_virens-27",1989,601343,361563.5109,0.999058691851407,1,1,6,1,1,"none"
1,"Pollachius_virens-27",1990,601343,361563.5109,1.0852248070172,1,1,6,1,1,"none"
1,"Pollachius_virens-27",1991,601343,361563.5109,1.16524421937383,1,1,6,1,1,"none"
1,"Pollachius_virens-27",1992,601343,361563.5109,1.24097895636136,1,1,6,1,1,"none"
1,"Pollachius_virens-27",1993,601343,361563.5109,1.31243532921246,1,1,6,1,1,"none"
1,"Pollachius_virens-27",1994,601343,361563.5109,1.37867674580577,1,1,6,1,1,"none"
1,"Pollachius_virens-27",1995,601343,361563.5109,1.43700126655297,1,1,6,1,1,"none"
1,"Pollachius_virens-27",1996,601343,361563.5109,1.48875054003145,1,1,6,1,1,"none"
1,"Pollachius_virens-27",1997,601343,361563.5109,1.53405755800938,1,1,6,1,1,"none"
1,"Pollachius_virens-27",1998,601343,361563.5109,1.57429108648648,1,1,6,1,1,"none"
1,"Pollachius_virens-27",1999,601343,361563.5109,1.60869757467354,1,1,6,1,1,"none"
1,"Pollachius_virens-27",2000,601343,361563.5109,1.6381196642469,1,1,6,1,1,"none"
1,"Pollachius_virens-27",2001,601343,361563.5109,1.66467452143071,1,1,6,1,1,"none"
1,"Pollachius_virens-27",2002,601343,361563.5109,1.68750943354189,1,1,6,1,1,"none"
1,"Pollachius_virens-27",2003,601343,361563.5109,1.70595285761246,1,1,6,1,1,"none"
1,"Pollachius_virens-27",2004,601343,361563.5109,1.72229979657981,1,1,6,1,1,"none"
1,"Pollachius_virens-27",2005,601343,361563.5109,1.73498989869819,1,1,6,1,1,"none"
1,"Pollachius_virens-27",2006,601343,361563.5109,1.74032840124019,1,1,6,1,1,"none"
1,"Pollachius_virens-27",2007,601343,361563.5109,1.74236678669999,1,1,6,1,1,"none"
1,"Pollachius_virens-27",2008,601343,361563.5109,1.74352438306116,1,1,6,1,1,"none"
1,"Pollachius_virens-27",2009,601343,361563.5109,1.74236865061509,1,1,6,1,1,"none"
1,"Pollachius_virens-27",2010,601343,361563.5109,1.7395103782331,1,1,6,1,1,"none"
1,"Pollachius_virens-27",2011,601343,361563.5109,1.73972981812141,1,1,6,1,1,"none"
1,"Pollachius_virens-27",2012,601343,361563.5109,1.74087307221841,1,1,6,1,1,"none"
1,"Pollachius_virens-27",2013,601343,361563.5109,1.74443130059079,1,1,6,1,1,"none"
1,"Pollachius_virens-27",2014,601343,361563.5109,1.74846298951669,1,1,6,1,1,"none"
1,"Pollachius_virens-27",2015,601343,361563.5109,1.75382614071413,1,1,6,1,1,"none"
1,"Pollachius_virens-27",2016,601343,361563.5109,1.76333515413926,1,1,6,1,1,"none"
1,"Pollachius_virens-27",2017,601343,361563.5109,1.77534354685875,1,1,6,1,1,"none"
1,"Pollachius_virens-27",2018,601343,361563.5109,1.78698540840019,1,1,6,1,1,"none"
1,"Pollachius_virens-27",2019,601343,361563.5109,1.79853262930446,1,1,6,1,1,"none"
1,"Pollachius_virens-27",2020,601343,361563.5109,1.8094263977826,1,1,6,1,1,"none"
1,"Pollachius_virens-27",2021,601343,361563.5109,1.81480186305819,1,1,6,1,1,"none"
1,"Pollachius_virens-27",2022,601343,361563.5109,1.81548812686397,1,1,6,1,1,"none"
1,"Pollachius_virens-27",2023,601343,361563.5109,1.81420874395573,1,1,6,1,1,"none"
1,"Pollachius_virens-27",2024,601343,361563.5109,1.81061669474409,1,1,6,1,1,"none"
1,"Pollachius_virens-27",2025,601343,361563.5109,1.80540376942424,1,1,6,1,1,"none"
1,"Pollachius_virens-27",2026,601343,361563.5109,1.79762105143778,1,1,6,1,1,"none"
1,"Pollachius_virens-27",2027,601343,361563.5109,1.78843223732354,1,1,6,1,1,"none"
1,"Pollachius_virens-27",2028,601343,361563.5109,1.78016929094905,1,1,6,1,1,"none"
1,"Pollachius_virens-27",2029,601343,361563.5109,1.77143392814212,1,1,6,1,1,"none"
1,"Pollachius_virens-27",2030,601343,361563.5109,1.75997164225668,1,1,6,1,1,"none"
1,"Pollachius_virens-27",2031,601343,361563.5109,1.74770856292269,1,0.991327227036356,6,1,0.991327227036356,"none"
1,"Pollachius_virens-27",2032,601343,361563.5109,1.73321323754925,1,0.986322100103379,6,1,0.986322100103379,"none"
1,"Pollachius_virens-27",2033,601343,361563.5109,1.71555836903766,1,0.982004394474803,6,1,0.982004394474803,"none"
1,"Pollachius_virens-27",2034,601343,361563.5109,1.69648172492747,1,0.979922685167601,6,1,0.979922685167601,"none"
1,"Pollachius_virens-27",2035,601343,361563.5109,1.67748434814997,1,0.980715013550617,6,1,0.980715013550617,"none"
1,"Pollachius_virens-27",2036,601343,361563.5109,1.65856980264209,1,0.98464477390714,6,1,0.98464477390714,"none"
1,"Pollachius_virens-27",2037,601343,361563.5109,1.64120978247613,1,0.991376306202614,6,1,0.991376306202614,"none"
1,"Pollachius_virens-27",2038,601343,361563.5109,1.62063077804567,1,1,6,1,1,"none"
1,"Pollachius_virens-27",2039,601343,361563.5109,1.60025155006026,1,1,6,1,1,"none"
1,"Pollachius_virens-27",2040,601343,361563.5109,1.57927013119937,1,1,6,1,1,"none"
1,"Pollachius_virens-27",2041,601343,361563.5109,1.5576161879482,1,1,6,1,1,"none"
1,"Pollachius_virens-27",2042,601343,361563.5109,1.53621776582983,1,1,6,1,1,"none"
1,"Pollachius_virens-27",2043,601343,361563.5109,1.51740960678702,1,1,6,1,1,"none"
1,"Pollachius_virens-27",2044,601343,361563.5109,1.49769887968785,1,1,6,1,1,"none"
1,"Pollachius_virens-27",2045,601343,361563.5109,1.47977789114567,1,1,6,1,1,"none"
1,"Pollachius_virens-27",2046,601343,361563.5109,1.46228526030628,1,1,6,1,1,"none"
1,"Pollachius_virens-27",2047,601343,361563.5109,1.44296189092761,1,1,6,1,1,"none"
1,"Pollachius_virens-27",2048,601343,361563.5109,1.42332312982434,1,1,6,1,1,"none"
1,"Pollachius_virens-27",2049,601343,361563.5109,1.40367059102071,1,1,6,1,1,"none"
1,"Pollachius_virens-27",2050,601343,361563.5109,1.38236361935879,1,1,6,1,1,"none"
1,"Pollachius_virens-27",2051,601343,361563.5109,1.36061801338482,1,1,6,1,1,"none"
1,"Pollachius_virens-27",2052,601343,361563.5109,1.33877262959345,1,1,6,1,1,"none"
1,"Pollachius_virens-27",2053,601343,361563.5109,1.31694633361323,1,1,6,1,1,"none"
1,"Pollachius_virens-27",2054,601343,361563.5109,1.29548607086045,1,1,6,1,1,"none"
1,"Pollachius_virens-27",2055,601343,361563.5109,1.27351990826214,1,1,6,1,1,"none"
1,"Pollachius_virens-27",2056,601343,361563.5109,1.2529278710829,1,1,6,1,1,"none"
1,"Pollachius_virens-27",2057,601343,361563.5109,1.23403878328972,1,1,6,1,1,"none"
1,"Pollachius_virens-27",2058,601343,361563.5109,1.21514055553957,1,1,6,1,1,"none"
1,"Pollachius_virens-27",2059,601343,361563.5109,1.19743774048783,1,1,6,1,1,"none"
1,"Pollachius_virens-27",2060,601343,361563.5109,1.18187661157886,1,1,6,1,1,"none"
1,"Pollachius_virens-27",2061,601343,361563.5109,1.16681948577485,1,1,6,1,1,"none"
1,"Pollachius_virens-27",2062,601343,361563.5109,1.15160119209455,1,1,6,1,1,"none"
1,"Pollachius_virens-27",2063,601343,361563.5109,1.13735693214701,1,1,6,1,1,"none"
1,"Pollachius_virens-27",2064,601343,361563.5109,1.12278348356078,1,1,6,1,1,"none"
1,"Pollachius_virens-27",2065,601343,361563.5109,1.10733191092546,1,1,6,1,1,"none"
1,"Pollachius_virens-27",2066,601343,361563.5109,1.09018951785383,1,1,6,1,1,"none"
1,"Pollachius_virens-27",2067,601343,361563.5109,1.07052468649133,1,1,6,1,1,"none"
1,"Pollachius_virens-27",2068,601343,361563.5109,1.04826808225169,1,1,6,1,1,"none"
1,"Sebastes_mentella-27",1980,600505,67146.43498,NA,NA,NA,6,1,NA,"Mean gapfilled"
1,"Sebastes_mentella-27",1981,600505,67146.43498,NA,NA,NA,6,1,NA,"Mean gapfilled"
1,"Sebastes_mentella-27",1982,600505,67146.43498,NA,NA,NA,6,1,NA,"Mean gapfilled"
1,"Sebastes_mentella-27",1983,600505,67146.43498,NA,NA,NA,6,1,NA,"Mean gapfilled"
1,"Sebastes_mentella-27",1984,600505,67146.43498,0.840758852126659,0.840758852126659,0.87663650729748,6,1,0.87663650729748,"none"
1,"Sebastes_mentella-27",1985,600505,67146.43498,0.959337002868988,1,0.942940152229645,6,1,0.942940152229645,"none"
1,"Sebastes_mentella-27",1986,600505,67146.43498,1.07337225198916,1,0.970771069800679,6,1,0.970771069800679,"none"
1,"Sebastes_mentella-27",1987,600505,67146.43498,1.1792317085567,1,0.979714814968768,6,1,0.979714814968768,"none"
1,"Sebastes_mentella-27",1988,600505,67146.43498,1.27379137743949,1,0.989370284559039,6,1,0.989370284559039,"none"
1,"Sebastes_mentella-27",1989,600505,67146.43498,1.3532592803799,1,1,6,1,1,"none"
1,"Sebastes_mentella-27",1990,600505,67146.43498,1.41734275289557,1,1,6,1,1,"none"
1,"Sebastes_mentella-27",1991,600505,67146.43498,1.46929724713916,1,1,6,1,1,"none"
1,"Sebastes_mentella-27",1992,600505,67146.43498,1.51068734398396,1,1,6,1,1,"none"
1,"Sebastes_mentella-27",1993,600505,67146.43498,1.54282594715913,1,1,6,1,1,"none"
1,"Sebastes_mentella-27",1994,600505,67146.43498,1.52923860236882,1,1,6,1,1,"none"
1,"Sebastes_mentella-27",1995,600505,67146.43498,1.50041806713135,1,1,6,1,1,"none"
1,"Sebastes_mentella-27",1996,600505,67146.43498,1.47314006183601,1,1,6,1,1,"none"
1,"Sebastes_mentella-27",1997,600505,67146.43498,1.46902881426705,1,1,6,1,1,"none"
1,"Sebastes_mentella-27",1998,600505,67146.43498,1.47770993210956,1,1,6,1,1,"none"
1,"Sebastes_mentella-27",1999,600505,67146.43498,1.51490930841833,1,1,6,1,1,"none"
1,"Sebastes_mentella-27",2000,600505,67146.43498,1.57161549148863,1,1,6,1,1,"none"
1,"Sebastes_mentella-27",2001,600505,67146.43498,1.62956456405234,1,1,6,1,1,"none"
1,"Sebastes_mentella-27",2002,600505,67146.43498,1.64128768532706,1,1,6,1,1,"none"
1,"Sebastes_mentella-27",2003,600505,67146.43498,1.65898190558654,1,1,6,1,1,"none"
1,"Sebastes_mentella-27",2004,600505,67146.43498,1.70324425386365,1,1,6,1,1,"none"
1,"Sebastes_mentella-27",2005,600505,67146.43498,1.73914883916537,1,1,6,1,1,"none"
1,"Sebastes_mentella-27",2006,600505,67146.43498,1.76268388901421,1,1,6,1,1,"none"
1,"Sebastes_mentella-27",2007,600505,67146.43498,1.74727181844087,1,1,6,1,1,"none"
1,"Sebastes_mentella-27",2008,600505,67146.43498,1.71234388619942,1,1,6,1,1,"none"
1,"Sebastes_mentella-27",2009,600505,67146.43498,1.67608317015934,1,1,6,1,1,"none"
1,"Sebastes_mentella-27",2010,600505,67146.43498,1.65441520316994,1,1,6,1,1,"none"
1,"Sebastes_mentella-27",2011,600505,67146.43498,1.63696029277642,1,1,6,1,1,"none"
1,"Sebastes_mentella-27",2012,600505,67146.43498,1.67440087982633,1,1,6,1,1,"none"
1,"Sebastes_mentella-27",2013,600505,67146.43498,1.71385693777412,1,1,6,1,1,"none"
1,"Sebastes_mentella-27",2014,600505,67146.43498,1.74391462395259,1,1,6,1,1,"none"
1,"Sebastes_mentella-27",2015,600505,67146.43498,1.7375777436471,1,1,6,1,1,"none"
1,"Sebastes_mentella-27",2016,600505,67146.43498,1.70457146736732,1,1,6,1,1,"none"
1,"Sebastes_mentella-27",2017,600505,67146.43498,1.66107935324811,1,1,6,1,1,"none"
1,"Sebastes_mentella-27",2018,600505,67146.43498,1.602832625323,1,1,6,1,1,"none"
1,"Sebastes_mentella-27",2019,600505,67146.43498,1.53225482546964,1,1,6,1,1,"none"
1,"Sebastes_mentella-27",2020,600505,67146.43498,1.47804381845564,1,1,6,1,1,"none"
1,"Sebastes_mentella-27",2021,600505,67146.43498,1.44666124624331,1,1,6,1,1,"none"
1,"Sebastes_mentella-27",2022,600505,67146.43498,1.4282328552641,1,1,6,1,1,"none"
1,"Sebastes_mentella-27",2023,600505,67146.43498,1.41756282377743,1,1,6,1,1,"none"
1,"Sebastes_mentella-27",2024,600505,67146.43498,1.41176851888882,1,1,6,1,1,"none"
1,"Sebastes_mentella-27",2025,600505,67146.43498,1.40927050839465,1,1,6,1,1,"none"
1,"Sebastes_mentella-27",2026,600505,67146.43498,1.41046602621314,1,1,6,1,1,"none"
1,"Sebastes_mentella-27",2027,600505,67146.43498,1.40849079565998,1,1,6,1,1,"none"
1,"Sebastes_mentella-27",2028,600505,67146.43498,1.40599387694989,1,1,6,1,1,"none"
1,"Sebastes_mentella-27",2029,600505,67146.43498,1.4013459883328,1,1,6,1,1,"none"
1,"Sebastes_mentella-27",2030,600505,67146.43498,1.39275993437125,1,1,6,1,1,"none"
1,"Sebastes_mentella-27",2031,600505,67146.43498,1.38486721013648,1,0.991327227036356,6,1,0.991327227036356,"none"
1,"Sebastes_mentella-27",2032,600505,67146.43498,1.38043172416015,1,0.986322100103379,6,1,0.986322100103379,"none"
1,"Sebastes_mentella-27",2033,600505,67146.43498,1.37656713321626,1,0.982004394474803,6,1,0.982004394474803,"none"
1,"Sebastes_mentella-27",2034,600505,67146.43498,1.37504042536098,1,0.979922685167601,6,1,0.979922685167601,"none"
1,"Sebastes_mentella-27",2035,600505,67146.43498,1.37747050408311,1,0.980715013550617,6,1,0.980715013550617,"none"
1,"Sebastes_mentella-27",2036,600505,67146.43498,1.37984404258328,1,0.98464477390714,6,1,0.98464477390714,"none"
1,"Sebastes_mentella-27",2037,600505,67146.43498,1.38270373504404,1,0.991376306202614,6,1,0.991376306202614,"none"
1,"Sebastes_mentella-27",2038,600505,67146.43498,1.38650231966153,1,1,6,1,1,"none"
1,"Sebastes_mentella-27",2039,600505,67146.43498,1.39006166803964,1,1,6,1,1,"none"
1,"Sebastes_mentella-27",2040,600505,67146.43498,1.39420958680375,1,1,6,1,1,"none"
1,"Sebastes_mentella-27",2041,600505,67146.43498,1.39534395143713,1,1,6,1,1,"none"
1,"Sebastes_mentella-27",2042,600505,67146.43498,1.39661665836551,1,1,6,1,1,"none"
1,"Sebastes_mentella-27",2043,600505,67146.43498,1.3976873681081,1,1,6,1,1,"none"
1,"Sebastes_mentella-27",2044,600505,67146.43498,1.39420722230009,1,1,6,1,1,"none"
1,"Sebastes_mentella-27",2045,600505,67146.43498,1.38714914862318,1,1,6,1,1,"none"
1,"Sebastes_mentella-27",2046,600505,67146.43498,1.38026692124524,1,1,6,1,1,"none"
1,"Sebastes_mentella-27",2047,600505,67146.43498,1.3727287372578,1,1,6,1,1,"none"
1,"Sebastes_mentella-27",2048,600505,67146.43498,1.36770202318354,1,1,6,1,1,"none"
1,"Sebastes_mentella-27",2049,600505,67146.43498,1.36804941297388,1,1,6,1,1,"none"
1,"Sebastes_mentella-27",2050,600505,67146.43498,1.37261092870629,1,1,6,1,1,"none"
1,"Sebastes_mentella-27",2051,600505,67146.43498,1.37774178551279,1,1,6,1,1,"none"
1,"Sebastes_mentella-27",2052,600505,67146.43498,1.38002703222515,1,1,6,1,1,"none"
1,"Sebastes_mentella-27",2053,600505,67146.43498,1.38039490144746,1,1,6,1,1,"none"
1,"Sebastes_mentella-27",2054,600505,67146.43498,1.37810891574757,1,1,6,1,1,"none"
1,"Sebastes_mentella-27",2055,600505,67146.43498,1.374476050021,1,1,6,1,1,"none"
1,"Sebastes_mentella-27",2056,600505,67146.43498,1.37107632221014,1,1,6,1,1,"none"
1,"Sebastes_mentella-27",2057,600505,67146.43498,1.36875256616479,1,1,6,1,1,"none"
1,"Sebastes_mentella-27",2058,600505,67146.43498,1.36546419381524,1,1,6,1,1,"none"
1,"Sebastes_mentella-27",2059,600505,67146.43498,1.36236388283548,1,1,6,1,1,"none"
1,"Sebastes_mentella-27",2060,600505,67146.43498,1.35898763538934,1,1,6,1,1,"none"
1,"Sebastes_mentella-27",2061,600505,67146.43498,1.35537158819334,1,1,6,1,1,"none"
1,"Sebastes_mentella-27",2062,600505,67146.43498,1.35116356945383,1,1,6,1,1,"none"
1,"Sebastes_mentella-27",2063,600505,67146.43498,1.33863013004429,1,1,6,1,1,"none"
1,"Sebastes_mentella-27",2064,600505,67146.43498,1.32352986892184,1,1,6,1,1,"none"
1,"Sebastes_mentella-27",2065,600505,67146.43498,1.30457509287449,1,1,6,1,1,"none"
1,"Sebastes_mentella-27",2066,600505,67146.43498,1.28240988359364,1,1,6,1,1,"none"
1,"Sebastes_mentella-27",2067,600505,67146.43498,1.25534578873198,1,1,6,1,1,"none"
1,"Sebastes_mentella-27",2068,600505,67146.43498,1.22945532321408,1,1,6,1,1,"none"
1,"Micromesistius_poutassou-27",1980,600031,1071958.985,NA,NA,NA,6,1,NA,"Mean gapfilled"
1,"Micromesistius_poutassou-27",1981,600031,1071958.985,NA,NA,NA,6,1,NA,"Mean gapfilled"
1,"Micromesistius_poutassou-27",1982,600031,1071958.985,NA,NA,NA,6,1,NA,"Mean gapfilled"
1,"Micromesistius_poutassou-27",1983,600031,1071958.985,NA,NA,NA,6,1,NA,"Mean gapfilled"
1,"Micromesistius_poutassou-27",1984,600031,1071958.985,0.923528483895141,0.923528483895141,0.87663650729748,6,1,0.87663650729748,"none"
1,"Micromesistius_poutassou-27",1985,600031,1071958.985,0.952058446746128,1,0.942940152229645,6,1,0.942940152229645,"none"
1,"Micromesistius_poutassou-27",1986,600031,1071958.985,0.983433921416345,1,0.970771069800679,6,1,0.970771069800679,"none"
1,"Micromesistius_poutassou-27",1987,600031,1071958.985,1.00864209567626,1,0.979714814968768,6,1,0.979714814968768,"none"
1,"Micromesistius_poutassou-27",1988,600031,1071958.985,1.02785246387715,1,0.989370284559039,6,1,0.989370284559039,"none"
1,"Micromesistius_poutassou-27",1989,600031,1071958.985,1.03648507475267,1,1,6,1,1,"none"
1,"Micromesistius_poutassou-27",1990,600031,1071958.985,1.04795902270226,1,1,6,1,1,"none"
1,"Micromesistius_poutassou-27",1991,600031,1071958.985,1.09952957779777,1,1,6,1,1,"none"
1,"Micromesistius_poutassou-27",1992,600031,1071958.985,1.1634305828065,1,1,6,1,1,"none"
1,"Micromesistius_poutassou-27",1993,600031,1071958.985,1.23044315635952,1,1,6,1,1,"none"
1,"Micromesistius_poutassou-27",1994,600031,1071958.985,1.30689979742527,1,1,6,1,1,"none"
1,"Micromesistius_poutassou-27",1995,600031,1071958.985,1.37452923165087,1,1,6,1,1,"none"
1,"Micromesistius_poutassou-27",1996,600031,1071958.985,1.40572237624864,1,1,6,1,1,"none"
1,"Micromesistius_poutassou-27",1997,600031,1071958.985,1.43210796708674,1,1,6,1,1,"none"
1,"Micromesistius_poutassou-27",1998,600031,1071958.985,1.44007784918271,1,1,6,1,1,"none"
1,"Micromesistius_poutassou-27",1999,600031,1071958.985,1.43303498806329,1,1,6,1,1,"none"
1,"Micromesistius_poutassou-27",2000,600031,1071958.985,1.41977311086044,1,1,6,1,1,"none"
1,"Micromesistius_poutassou-27",2001,600031,1071958.985,1.40626199540971,1,1,6,1,1,"none"
1,"Micromesistius_poutassou-27",2002,600031,1071958.985,1.39191157326879,1,1,6,1,1,"none"
1,"Micromesistius_poutassou-27",2003,600031,1071958.985,1.37974887479127,1,1,6,1,1,"none"
1,"Micromesistius_poutassou-27",2004,600031,1071958.985,1.36387342153507,1,1,6,1,1,"none"
1,"Micromesistius_poutassou-27",2005,600031,1071958.985,1.34760209330472,1,1,6,1,1,"none"
1,"Micromesistius_poutassou-27",2006,600031,1071958.985,1.32981299358305,1,1,6,1,1,"none"
1,"Micromesistius_poutassou-27",2007,600031,1071958.985,1.29166801043882,1,1,6,1,1,"none"
1,"Micromesistius_poutassou-27",2008,600031,1071958.985,1.256275956497,1,1,6,1,1,"none"
1,"Micromesistius_poutassou-27",2009,600031,1071958.985,1.25186041623837,1,1,6,1,1,"none"
1,"Micromesistius_poutassou-27",2010,600031,1071958.985,1.27636536539436,1,1,6,1,1,"none"
1,"Micromesistius_poutassou-27",2011,600031,1071958.985,1.35185307644608,1,1,6,1,1,"none"
1,"Micromesistius_poutassou-27",2012,600031,1071958.985,1.44465973039594,1,1,6,1,1,"none"
1,"Micromesistius_poutassou-27",2013,600031,1071958.985,1.53332347845455,1,1,6,1,1,"none"
1,"Micromesistius_poutassou-27",2014,600031,1071958.985,1.57831831585246,1,1,6,1,1,"none"
1,"Micromesistius_poutassou-27",2015,600031,1071958.985,1.59181251554076,1,1,6,1,1,"none"
1,"Micromesistius_poutassou-27",2016,600031,1071958.985,1.53099258891523,1,1,6,1,1,"none"
1,"Micromesistius_poutassou-27",2017,600031,1071958.985,1.44634452502387,1,1,6,1,1,"none"
1,"Micromesistius_poutassou-27",2018,600031,1071958.985,1.36208024744249,1,1,6,1,1,"none"
1,"Micromesistius_poutassou-27",2019,600031,1071958.985,1.29884333341575,1,1,6,1,1,"none"
1,"Micromesistius_poutassou-27",2020,600031,1071958.985,1.24563310171854,1,1,6,1,1,"none"
1,"Micromesistius_poutassou-27",2021,600031,1071958.985,1.22432027096608,1,1,6,1,1,"none"
1,"Micromesistius_poutassou-27",2022,600031,1071958.985,1.22168991571405,1,1,6,1,1,"none"
1,"Micromesistius_poutassou-27",2023,600031,1071958.985,1.23061481282871,1,1,6,1,1,"none"
1,"Micromesistius_poutassou-27",2024,600031,1071958.985,1.24507642649446,1,1,6,1,1,"none"
1,"Micromesistius_poutassou-27",2025,600031,1071958.985,1.26127586824589,1,1,6,1,1,"none"
1,"Micromesistius_poutassou-27",2026,600031,1071958.985,1.2773037312892,1,1,6,1,1,"none"
1,"Micromesistius_poutassou-27",2027,600031,1071958.985,1.29199681049057,1,1,6,1,1,"none"
1,"Micromesistius_poutassou-27",2028,600031,1071958.985,1.30470614205211,1,1,6,1,1,"none"
1,"Micromesistius_poutassou-27",2029,600031,1071958.985,1.31542604089937,1,1,6,1,1,"none"
1,"Micromesistius_poutassou-27",2030,600031,1071958.985,1.32374516598718,1,1,6,1,1,"none"
1,"Micromesistius_poutassou-27",2031,600031,1071958.985,1.32976896764136,1,0.991327227036356,6,1,0.991327227036356,"none"
1,"Micromesistius_poutassou-27",2032,600031,1071958.985,1.33459973340521,1,0.986322100103379,6,1,0.986322100103379,"none"
1,"Micromesistius_poutassou-27",2033,600031,1071958.985,1.33740326001071,1,0.982004394474803,6,1,0.982004394474803,"none"
1,"Micromesistius_poutassou-27",2034,600031,1071958.985,1.33952485903022,1,0.979922685167601,6,1,0.979922685167601,"none"
1,"Micromesistius_poutassou-27",2035,600031,1071958.985,1.34173590992129,1,0.980715013550617,6,1,0.980715013550617,"none"
1,"Micromesistius_poutassou-27",2036,600031,1071958.985,1.34438178816453,1,0.98464477390714,6,1,0.98464477390714,"none"
1,"Micromesistius_poutassou-27",2037,600031,1071958.985,1.34634919994363,1,0.991376306202614,6,1,0.991376306202614,"none"
1,"Micromesistius_poutassou-27",2038,600031,1071958.985,1.34906871266771,1,1,6,1,1,"none"
1,"Micromesistius_poutassou-27",2039,600031,1071958.985,1.35137511119132,1,1,6,1,1,"none"
1,"Micromesistius_poutassou-27",2040,600031,1071958.985,1.3538199401631,1,1,6,1,1,"none"
1,"Micromesistius_poutassou-27",2041,600031,1071958.985,1.35609600114962,1,1,6,1,1,"none"
1,"Micromesistius_poutassou-27",2042,600031,1071958.985,1.35848863380138,1,1,6,1,1,"none"
1,"Micromesistius_poutassou-27",2043,600031,1071958.985,1.36061745529802,1,1,6,1,1,"none"
1,"Micromesistius_poutassou-27",2044,600031,1071958.985,1.36278242253065,1,1,6,1,1,"none"
1,"Micromesistius_poutassou-27",2045,600031,1071958.985,1.36428887702182,1,1,6,1,1,"none"
1,"Micromesistius_poutassou-27",2046,600031,1071958.985,1.36533856491502,1,1,6,1,1,"none"
1,"Micromesistius_poutassou-27",2047,600031,1071958.985,1.36563616933367,1,1,6,1,1,"none"
1,"Micromesistius_poutassou-27",2048,600031,1071958.985,1.36496450168636,1,1,6,1,1,"none"
1,"Micromesistius_poutassou-27",2049,600031,1071958.985,1.36362349243406,1,1,6,1,1,"none"
1,"Micromesistius_poutassou-27",2050,600031,1071958.985,1.36221712888973,1,1,6,1,1,"none"
1,"Micromesistius_poutassou-27",2051,600031,1071958.985,1.3611130000995,1,1,6,1,1,"none"
1,"Micromesistius_poutassou-27",2052,600031,1071958.985,1.36000772310703,1,1,6,1,1,"none"
1,"Micromesistius_poutassou-27",2053,600031,1071958.985,1.35922551519142,1,1,6,1,1,"none"
1,"Micromesistius_poutassou-27",2054,600031,1071958.985,1.35895283816605,1,1,6,1,1,"none"
1,"Micromesistius_poutassou-27",2055,600031,1071958.985,1.3590825559299,1,1,6,1,1,"none"
1,"Micromesistius_poutassou-27",2056,600031,1071958.985,1.35895596051359,1,1,6,1,1,"none"
1,"Micromesistius_poutassou-27",2057,600031,1071958.985,1.35910942137377,1,1,6,1,1,"none"
1,"Micromesistius_poutassou-27",2058,600031,1071958.985,1.35912119963157,1,1,6,1,1,"none"
1,"Micromesistius_poutassou-27",2059,600031,1071958.985,1.3583994589134,1,1,6,1,1,"none"
1,"Micromesistius_poutassou-27",2060,600031,1071958.985,1.3563646321825,1,1,6,1,1,"none"
1,"Micromesistius_poutassou-27",2061,600031,1071958.985,1.35377936798887,1,1,6,1,1,"none"
1,"Micromesistius_poutassou-27",2062,600031,1071958.985,1.35110436262457,1,1,6,1,1,"none"
1,"Micromesistius_poutassou-27",2063,600031,1071958.985,1.34826723570541,1,1,6,1,1,"none"
1,"Micromesistius_poutassou-27",2064,600031,1071958.985,1.34548079842553,1,1,6,1,1,"none"
1,"Micromesistius_poutassou-27",2065,600031,1071958.985,1.34175859083328,1,1,6,1,1,"none"
1,"Micromesistius_poutassou-27",2066,600031,1071958.985,1.33658340466998,1,1,6,1,1,"none"
1,"Micromesistius_poutassou-27",2067,600031,1071958.985,1.3281121809921,1,1,6,1,1,"none"
1,"Micromesistius_poutassou-27",2068,600031,1071958.985,1.31455005856669,1,1,6,1,1,"none"
1,"Clupea_harengus-27",1980,600024,138302.6187,NA,NA,NA,6,1,NA,"Mean gapfilled"
1,"Clupea_harengus-27",1981,600024,138302.6187,NA,NA,NA,6,1,NA,"Mean gapfilled"
1,"Clupea_harengus-27",1982,600024,138302.6187,NA,NA,NA,6,1,NA,"Mean gapfilled"
1,"Clupea_harengus-27",1983,600024,138302.6187,NA,NA,NA,6,1,NA,"Mean gapfilled"
1,"Clupea_harengus-27",1984,600024,138302.6187,NA,0.87663650729748,0.87663650729748,6,1,0.87663650729748,"Mean gapfilled"
1,"Clupea_harengus-27",1985,600024,138302.6187,NA,0.942940152229645,0.942940152229645,6,1,0.942940152229645,"Mean gapfilled"
1,"Clupea_harengus-27",1986,600024,138302.6187,NA,0.970771069800679,0.970771069800679,6,1,0.970771069800679,"Mean gapfilled"
1,"Clupea_harengus-27",1987,600024,138302.6187,NA,0.979714814968768,0.979714814968768,6,1,0.979714814968768,"Mean gapfilled"
1,"Clupea_harengus-27",1988,600024,138302.6187,NA,0.989370284559039,0.989370284559039,6,1,0.989370284559039,"Mean gapfilled"
1,"Clupea_harengus-27",1989,600024,138302.6187,NA,1,1,6,1,1,"Mean gapfilled"
1,"Clupea_harengus-27",1990,600024,138302.6187,NA,1,1,6,1,1,"Mean gapfilled"
1,"Clupea_harengus-27",1991,600024,138302.6187,NA,1,1,6,1,1,"Mean gapfilled"
1,"Clupea_harengus-27",1992,600024,138302.6187,NA,1,1,6,1,1,"Mean gapfilled"
1,"Clupea_harengus-27",1993,600024,138302.6187,NA,1,1,6,1,1,"Mean gapfilled"
1,"Clupea_harengus-27",1994,600024,138302.6187,NA,1,1,6,1,1,"Mean gapfilled"
1,"Clupea_harengus-27",1995,600024,138302.6187,NA,1,1,6,1,1,"Mean gapfilled"
1,"Clupea_harengus-27",1996,600024,138302.6187,NA,1,1,6,1,1,"Mean gapfilled"
1,"Clupea_harengus-27",1997,600024,138302.6187,NA,1,1,6,1,1,"Mean gapfilled"
1,"Clupea_harengus-27",1998,600024,138302.6187,NA,1,1,6,1,1,"Mean gapfilled"
1,"Clupea_harengus-27",1999,600024,138302.6187,NA,1,1,6,1,1,"Mean gapfilled"
1,"Clupea_harengus-27",2000,600024,138302.6187,NA,1,1,6,1,1,"Mean gapfilled"
1,"Clupea_harengus-27",2001,600024,138302.6187,NA,1,1,6,1,1,"Mean gapfilled"
1,"Clupea_harengus-27",2002,600024,138302.6187,NA,1,1,6,1,1,"Mean gapfilled"
1,"Clupea_harengus-27",2003,600024,138302.6187,NA,1,1,6,1,1,"Mean gapfilled"
1,"Clupea_harengus-27",2004,600024,138302.6187,NA,1,1,6,1,1,"Mean gapfilled"
1,"Clupea_harengus-27",2005,600024,138302.6187,NA,1,1,6,1,1,"Mean gapfilled"
1,"Clupea_harengus-27",2006,600024,138302.6187,NA,1,1,6,1,1,"Mean gapfilled"
1,"Clupea_harengus-27",2007,600024,138302.6187,NA,1,1,6,1,1,"Mean gapfilled"
1,"Clupea_harengus-27",2008,600024,138302.6187,NA,1,1,6,1,1,"Mean gapfilled"
1,"Clupea_harengus-27",2009,600024,138302.6187,NA,1,1,6,1,1,"Mean gapfilled"
1,"Clupea_harengus-27",2010,600024,138302.6187,NA,1,1,6,1,1,"Mean gapfilled"
1,"Clupea_harengus-27",2011,600024,138302.6187,NA,1,1,6,1,1,"Mean gapfilled"
1,"Clupea_harengus-27",2012,600024,138302.6187,NA,1,1,6,1,1,"Mean gapfilled"
1,"Clupea_harengus-27",2013,600024,138302.6187,NA,1,1,6,1,1,"Mean gapfilled"
1,"Clupea_harengus-27",2014,600024,138302.6187,NA,1,1,6,1,1,"Mean gapfilled"
1,"Clupea_harengus-27",2015,600024,138302.6187,NA,1,1,6,1,1,"Mean gapfilled"
1,"Clupea_harengus-27",2016,600024,138302.6187,NA,1,1,6,1,1,"Mean gapfilled"
1,"Clupea_harengus-27",2017,600024,138302.6187,NA,1,1,6,1,1,"Mean gapfilled"
1,"Clupea_harengus-27",2018,600024,138302.6187,NA,1,1,6,1,1,"Mean gapfilled"
1,"Clupea_harengus-27",2019,600024,138302.6187,NA,1,1,6,1,1,"Mean gapfilled"
1,"Clupea_harengus-27",2020,600024,138302.6187,NA,1,1,6,1,1,"Mean gapfilled"
1,"Clupea_harengus-27",2021,600024,138302.6187,NA,1,1,6,1,1,"Mean gapfilled"
1,"Clupea_harengus-27",2022,600024,138302.6187,NA,1,1,6,1,1,"Mean gapfilled"
1,"Clupea_harengus-27",2023,600024,138302.6187,NA,1,1,6,1,1,"Mean gapfilled"
1,"Clupea_harengus-27",2024,600024,138302.6187,NA,1,1,6,1,1,"Mean gapfilled"
1,"Clupea_harengus-27",2025,600024,138302.6187,NA,1,1,6,1,1,"Mean gapfilled"
1,"Clupea_harengus-27",2026,600024,138302.6187,NA,1,1,6,1,1,"Mean gapfilled"
1,"Clupea_harengus-27",2027,600024,138302.6187,NA,1,1,6,1,1,"Mean gapfilled"
1,"Clupea_harengus-27",2028,600024,138302.6187,NA,1,1,6,1,1,"Mean gapfilled"
1,"Clupea_harengus-27",2029,600024,138302.6187,NA,1,1,6,1,1,"Mean gapfilled"
1,"Clupea_harengus-27",2030,600024,138302.6187,NA,1,1,6,1,1,"Mean gapfilled"
1,"Clupea_harengus-27",2031,600024,138302.6187,NA,0.991327227036356,0.991327227036356,6,1,0.991327227036356,"Mean gapfilled"
1,"Clupea_harengus-27",2032,600024,138302.6187,NA,0.986322100103379,0.986322100103379,6,1,0.986322100103379,"Mean gapfilled"
1,"Clupea_harengus-27",2033,600024,138302.6187,NA,0.982004394474803,0.982004394474803,6,1,0.982004394474803,"Mean gapfilled"
1,"Clupea_harengus-27",2034,600024,138302.6187,NA,0.979922685167601,0.979922685167601,6,1,0.979922685167601,"Mean gapfilled"
1,"Clupea_harengus-27",2035,600024,138302.6187,NA,0.980715013550617,0.980715013550617,6,1,0.980715013550617,"Mean gapfilled"
1,"Clupea_harengus-27",2036,600024,138302.6187,NA,0.98464477390714,0.98464477390714,6,1,0.98464477390714,"Mean gapfilled"
1,"Clupea_harengus-27",2037,600024,138302.6187,NA,0.991376306202614,0.991376306202614,6,1,0.991376306202614,"Mean gapfilled"
1,"Clupea_harengus-27",2038,600024,138302.6187,NA,1,1,6,1,1,"Mean gapfilled"
1,"Clupea_harengus-27",2039,600024,138302.6187,NA,1,1,6,1,1,"Mean gapfilled"
1,"Clupea_harengus-27",2040,600024,138302.6187,NA,1,1,6,1,1,"Mean gapfilled"
1,"Clupea_harengus-27",2041,600024,138302.6187,NA,1,1,6,1,1,"Mean gapfilled"
1,"Clupea_harengus-27",2042,600024,138302.6187,NA,1,1,6,1,1,"Mean gapfilled"
1,"Clupea_harengus-27",2043,600024,138302.6187,NA,1,1,6,1,1,"Mean gapfilled"
1,"Clupea_harengus-27",2044,600024,138302.6187,NA,1,1,6,1,1,"Mean gapfilled"
1,"Clupea_harengus-27",2045,600024,138302.6187,NA,1,1,6,1,1,"Mean gapfilled"
1,"Clupea_harengus-27",2046,600024,138302.6187,NA,1,1,6,1,1,"Mean gapfilled"
1,"Clupea_harengus-27",2047,600024,138302.6187,NA,1,1,6,1,1,"Mean gapfilled"
1,"Clupea_harengus-27",2048,600024,138302.6187,NA,1,1,6,1,1,"Mean gapfilled"
1,"Clupea_harengus-27",2049,600024,138302.6187,NA,1,1,6,1,1,"Mean gapfilled"
1,"Clupea_harengus-27",2050,600024,138302.6187,NA,1,1,6,1,1,"Mean gapfilled"
1,"Clupea_harengus-27",2051,600024,138302.6187,NA,1,1,6,1,1,"Mean gapfilled"
1,"Clupea_harengus-27",2052,600024,138302.6187,NA,1,1,6,1,1,"Mean gapfilled"
1,"Clupea_harengus-27",2053,600024,138302.6187,NA,1,1,6,1,1,"Mean gapfilled"
1,"Clupea_harengus-27",2054,600024,138302.6187,NA,1,1,6,1,1,"Mean gapfilled"
1,"Clupea_harengus-27",2055,600024,138302.6187,NA,1,1,6,1,1,"Mean gapfilled"
1,"Clupea_harengus-27",2056,600024,138302.6187,NA,1,1,6,1,1,"Mean gapfilled"
1,"Clupea_harengus-27",2057,600024,138302.6187,NA,1,1,6,1,1,"Mean gapfilled"
1,"Clupea_harengus-27",2058,600024,138302.6187,NA,1,1,6,1,1,"Mean gapfilled"
1,"Clupea_harengus-27",2059,600024,138302.6187,NA,1,1,6,1,1,"Mean gapfilled"
1,"Clupea_harengus-27",2060,600024,138302.6187,NA,1,1,6,1,1,"Mean gapfilled"
1,"Clupea_harengus-27",2061,600024,138302.6187,NA,1,1,6,1,1,"Mean gapfilled"
1,"Clupea_harengus-27",2062,600024,138302.6187,NA,1,1,6,1,1,"Mean gapfilled"
1,"Clupea_harengus-27",2063,600024,138302.6187,NA,1,1,6,1,1,"Mean gapfilled"
1,"Clupea_harengus-27",2064,600024,138302.6187,NA,1,1,6,1,1,"Mean gapfilled"
1,"Clupea_harengus-27",2065,600024,138302.6187,NA,1,1,6,1,1,"Mean gapfilled"
1,"Clupea_harengus-27",2066,600024,138302.6187,NA,1,1,6,1,1,"Mean gapfilled"
1,"Clupea_harengus-27",2067,600024,138302.6187,NA,1,1,6,1,1,"Mean gapfilled"
1,"Clupea_harengus-27",2068,600024,138302.6187,NA,1,1,6,1,1,"Mean gapfilled"
1,"Gadus_morhua-27",1980,600069,1707711.269,NA,NA,NA,6,1,NA,"Mean gapfilled"
1,"Gadus_morhua-27",1981,600069,1707711.269,NA,NA,NA,6,1,NA,"Mean gapfilled"
1,"Gadus_morhua-27",1982,600069,1707711.269,NA,NA,NA,6,1,NA,"Mean gapfilled"
1,"Gadus_morhua-27",1983,600069,1707711.269,NA,NA,NA,6,1,NA,"Mean gapfilled"
1,"Gadus_morhua-27",1984,600069,1707711.269,0.906263711417561,0.906263711417561,0.87663650729748,6,1,0.87663650729748,"none"
1,"Gadus_morhua-27",1985,600069,1707711.269,0.952338424587123,1,0.942940152229645,6,1,0.942940152229645,"none"
1,"Gadus_morhua-27",1986,600069,1707711.269,1.0015397268364,1,0.970771069800679,6,1,0.970771069800679,"none"
1,"Gadus_morhua-27",1987,600069,1707711.269,1.04446701743396,1,0.979714814968768,6,1,0.979714814968768,"none"
1,"Gadus_morhua-27",1988,600069,1707711.269,1.07096165860367,1,0.989370284559039,6,1,0.989370284559039,"none"
1,"Gadus_morhua-27",1989,600069,1707711.269,1.09155101945987,1,1,6,1,1,"none"
1,"Gadus_morhua-27",1990,600069,1707711.269,1.12417928168995,1,1,6,1,1,"none"
1,"Gadus_morhua-27",1991,600069,1707711.269,1.16773038663545,1,1,6,1,1,"none"
1,"Gadus_morhua-27",1992,600069,1707711.269,1.22403362872418,1,1,6,1,1,"none"
1,"Gadus_morhua-27",1993,600069,1707711.269,1.29444196952999,1,1,6,1,1,"none"
1,"Gadus_morhua-27",1994,600069,1707711.269,1.3404909941229,1,1,6,1,1,"none"
1,"Gadus_morhua-27",1995,600069,1707711.269,1.34412736476363,1,1,6,1,1,"none"
1,"Gadus_morhua-27",1996,600069,1707711.269,1.31541726693054,1,1,6,1,1,"none"
1,"Gadus_morhua-27",1997,600069,1707711.269,1.26913669362746,1,1,6,1,1,"none"
1,"Gadus_morhua-27",1998,600069,1707711.269,1.20941766241464,1,1,6,1,1,"none"
1,"Gadus_morhua-27",1999,600069,1707711.269,1.16598230133482,1,1,6,1,1,"none"
1,"Gadus_morhua-27",2000,600069,1707711.269,1.14493565359195,1,1,6,1,1,"none"
1,"Gadus_morhua-27",2001,600069,1707711.269,1.1496386699221,1,1,6,1,1,"none"
1,"Gadus_morhua-27",2002,600069,1707711.269,1.17417491595653,1,1,6,1,1,"none"
1,"Gadus_morhua-27",2003,600069,1707711.269,1.20932126628225,1,1,6,1,1,"none"
1,"Gadus_morhua-27",2004,600069,1707711.269,1.24106337867645,1,1,6,1,1,"none"
1,"Gadus_morhua-27",2005,600069,1707711.269,1.26124332347307,1,1,6,1,1,"none"
1,"Gadus_morhua-27",2006,600069,1707711.269,1.27192460103135,1,1,6,1,1,"none"
1,"Gadus_morhua-27",2007,600069,1707711.269,1.29412959437359,1,1,6,1,1,"none"
1,"Gadus_morhua-27",2008,600069,1707711.269,1.33496644448324,1,1,6,1,1,"none"
1,"Gadus_morhua-27",2009,600069,1707711.269,1.39470490536591,1,1,6,1,1,"none"
1,"Gadus_morhua-27",2010,600069,1707711.269,1.46628054667227,1,1,6,1,1,"none"
1,"Gadus_morhua-27",2011,600069,1707711.269,1.53451420593066,1,1,6,1,1,"none"
1,"Gadus_morhua-27",2012,600069,1707711.269,1.58872128789926,1,1,6,1,1,"none"
1,"Gadus_morhua-27",2013,600069,1707711.269,1.61556488600254,1,1,6,1,1,"none"
1,"Gadus_morhua-27",2014,600069,1707711.269,1.62090589454545,1,1,6,1,1,"none"
1,"Gadus_morhua-27",2015,600069,1707711.269,1.61946415143017,1,1,6,1,1,"none"
1,"Gadus_morhua-27",2016,600069,1707711.269,1.58159210517356,1,1,6,1,1,"none"
1,"Gadus_morhua-27",2017,600069,1707711.269,1.52705231035866,1,1,6,1,1,"none"
1,"Gadus_morhua-27",2018,600069,1707711.269,1.4710263463166,1,1,6,1,1,"none"
1,"Gadus_morhua-27",2019,600069,1707711.269,1.41777170797504,1,1,6,1,1,"none"
1,"Gadus_morhua-27",2020,600069,1707711.269,1.36263484403359,1,1,6,1,1,"none"
1,"Gadus_morhua-27",2021,600069,1707711.269,1.34084284910583,1,1,6,1,1,"none"
1,"Gadus_morhua-27",2022,600069,1707711.269,1.33189795190054,1,1,6,1,1,"none"
1,"Gadus_morhua-27",2023,600069,1707711.269,1.32850420221959,1,1,6,1,1,"none"
1,"Gadus_morhua-27",2024,600069,1707711.269,1.32842078036258,1,1,6,1,1,"none"
1,"Gadus_morhua-27",2025,600069,1707711.269,1.32760277274411,1,1,6,1,1,"none"
1,"Gadus_morhua-27",2026,600069,1707711.269,1.32594809253992,1,1,6,1,1,"none"
1,"Gadus_morhua-27",2027,600069,1707711.269,1.32537604344509,1,1,6,1,1,"none"
1,"Gadus_morhua-27",2028,600069,1707711.269,1.32524383643968,1,1,6,1,1,"none"
1,"Gadus_morhua-27",2029,600069,1707711.269,1.3243404720086,1,1,6,1,1,"none"
1,"Gadus_morhua-27",2030,600069,1707711.269,1.32480336777464,1,1,6,1,1,"none"
1,"Gadus_morhua-27",2031,600069,1707711.269,1.32821986881958,1,0.991327227036356,6,1,0.991327227036356,"none"
1,"Gadus_morhua-27",2032,600069,1707711.269,1.33180930460697,1,0.986322100103379,6,1,0.986322100103379,"none"
1,"Gadus_morhua-27",2033,600069,1707711.269,1.33539770479924,1,0.982004394474803,6,1,0.982004394474803,"none"
1,"Gadus_morhua-27",2034,600069,1707711.269,1.33943911943177,1,0.979922685167601,6,1,0.979922685167601,"none"
1,"Gadus_morhua-27",2035,600069,1707711.269,1.3439056296132,1,0.980715013550617,6,1,0.980715013550617,"none"
1,"Gadus_morhua-27",2036,600069,1707711.269,1.34757206886155,1,0.98464477390714,6,1,0.98464477390714,"none"
1,"Gadus_morhua-27",2037,600069,1707711.269,1.35035436140559,1,0.991376306202614,6,1,0.991376306202614,"none"
1,"Gadus_morhua-27",2038,600069,1707711.269,1.35305106413201,1,1,6,1,1,"none"
1,"Gadus_morhua-27",2039,600069,1707711.269,1.35515123635526,1,1,6,1,1,"none"
1,"Gadus_morhua-27",2040,600069,1707711.269,1.35683984097154,1,1,6,1,1,"none"
1,"Gadus_morhua-27",2041,600069,1707711.269,1.35957318672999,1,1,6,1,1,"none"
1,"Gadus_morhua-27",2042,600069,1707711.269,1.36394515751127,1,1,6,1,1,"none"
1,"Gadus_morhua-27",2043,600069,1707711.269,1.36812459843405,1,1,6,1,1,"none"
1,"Gadus_morhua-27",2044,600069,1707711.269,1.37201251064865,1,1,6,1,1,"none"
1,"Gadus_morhua-27",2045,600069,1707711.269,1.37518362842071,1,1,6,1,1,"none"
1,"Gadus_morhua-27",2046,600069,1707711.269,1.37663623409624,1,1,6,1,1,"none"
1,"Gadus_morhua-27",2047,600069,1707711.269,1.37519581290711,1,1,6,1,1,"none"
1,"Gadus_morhua-27",2048,600069,1707711.269,1.37060701423946,1,1,6,1,1,"none"
1,"Gadus_morhua-27",2049,600069,1707711.269,1.36391085502449,1,1,6,1,1,"none"
1,"Gadus_morhua-27",2050,600069,1707711.269,1.35737945524837,1,1,6,1,1,"none"
1,"Gadus_morhua-27",2051,600069,1707711.269,1.35083243831145,1,1,6,1,1,"none"
1,"Gadus_morhua-27",2052,600069,1707711.269,1.34538969478178,1,1,6,1,1,"none"
1,"Gadus_morhua-27",2053,600069,1707711.269,1.34284843753093,1,1,6,1,1,"none"
1,"Gadus_morhua-27",2054,600069,1707711.269,1.34293359274737,1,1,6,1,1,"none"
1,"Gadus_morhua-27",2055,600069,1707711.269,1.34272501692709,1,1,6,1,1,"none"
1,"Gadus_morhua-27",2056,600069,1707711.269,1.34190980686824,1,1,6,1,1,"none"
1,"Gadus_morhua-27",2057,600069,1707711.269,1.34162628505256,1,1,6,1,1,"none"
1,"Gadus_morhua-27",2058,600069,1707711.269,1.34237239409814,1,1,6,1,1,"none"
1,"Gadus_morhua-27",2059,600069,1707711.269,1.34206183508167,1,1,6,1,1,"none"
1,"Gadus_morhua-27",2060,600069,1707711.269,1.34143076163912,1,1,6,1,1,"none"
1,"Gadus_morhua-27",2061,600069,1707711.269,1.33999585009294,1,1,6,1,1,"none"
1,"Gadus_morhua-27",2062,600069,1707711.269,1.33775839199159,1,1,6,1,1,"none"
1,"Gadus_morhua-27",2063,600069,1707711.269,1.33461871297188,1,1,6,1,1,"none"
1,"Gadus_morhua-27",2064,600069,1707711.269,1.33136788877834,1,1,6,1,1,"none"
1,"Gadus_morhua-27",2065,600069,1707711.269,1.3279117795742,1,1,6,1,1,"none"
1,"Gadus_morhua-27",2066,600069,1707711.269,1.32355590459859,1,1,6,1,1,"none"
1,"Gadus_morhua-27",2067,600069,1707711.269,1.31615747931552,1,1,6,1,1,"none"
1,"Gadus_morhua-27",2068,600069,1707711.269,1.30323336989765,1,1,6,1,1,"none"
1,"Mallotus_villosus-27",1980,600252,228858.2884,NA,NA,NA,6,1,NA,"Mean gapfilled"
1,"Mallotus_villosus-27",1981,600252,228858.2884,NA,NA,NA,6,1,NA,"Mean gapfilled"
1,"Mallotus_villosus-27",1982,600252,228858.2884,NA,NA,NA,6,1,NA,"Mean gapfilled"
1,"Mallotus_villosus-27",1983,600252,228858.2884,NA,NA,NA,6,1,NA,"Mean gapfilled"
1,"Mallotus_villosus-27",1984,600252,228858.2884,NA,0.87663650729748,0.87663650729748,6,1,0.87663650729748,"Mean gapfilled"
1,"Mallotus_villosus-27",1985,600252,228858.2884,NA,0.942940152229645,0.942940152229645,6,1,0.942940152229645,"Mean gapfilled"
1,"Mallotus_villosus-27",1986,600252,228858.2884,NA,0.970771069800679,0.970771069800679,6,1,0.970771069800679,"Mean gapfilled"
1,"Mallotus_villosus-27",1987,600252,228858.2884,NA,0.979714814968768,0.979714814968768,6,1,0.979714814968768,"Mean gapfilled"
1,"Mallotus_villosus-27",1988,600252,228858.2884,NA,0.989370284559039,0.989370284559039,6,1,0.989370284559039,"Mean gapfilled"
1,"Mallotus_villosus-27",1989,600252,228858.2884,NA,1,1,6,1,1,"Mean gapfilled"
1,"Mallotus_villosus-27",1990,600252,228858.2884,NA,1,1,6,1,1,"Mean gapfilled"
1,"Mallotus_villosus-27",1991,600252,228858.2884,NA,1,1,6,1,1,"Mean gapfilled"
1,"Mallotus_villosus-27",1992,600252,228858.2884,NA,1,1,6,1,1,"Mean gapfilled"
1,"Mallotus_villosus-27",1993,600252,228858.2884,NA,1,1,6,1,1,"Mean gapfilled"
1,"Mallotus_villosus-27",1994,600252,228858.2884,NA,1,1,6,1,1,"Mean gapfilled"
1,"Mallotus_villosus-27",1995,600252,228858.2884,NA,1,1,6,1,1,"Mean gapfilled"
1,"Mallotus_villosus-27",1996,600252,228858.2884,NA,1,1,6,1,1,"Mean gapfilled"
1,"Mallotus_villosus-27",1997,600252,228858.2884,NA,1,1,6,1,1,"Mean gapfilled"
1,"Mallotus_villosus-27",1998,600252,228858.2884,NA,1,1,6,1,1,"Mean gapfilled"
1,"Mallotus_villosus-27",1999,600252,228858.2884,NA,1,1,6,1,1,"Mean gapfilled"
1,"Mallotus_villosus-27",2000,600252,228858.2884,NA,1,1,6,1,1,"Mean gapfilled"
1,"Mallotus_villosus-27",2001,600252,228858.2884,NA,1,1,6,1,1,"Mean gapfilled"
1,"Mallotus_villosus-27",2002,600252,228858.2884,NA,1,1,6,1,1,"Mean gapfilled"
1,"Mallotus_villosus-27",2003,600252,228858.2884,NA,1,1,6,1,1,"Mean gapfilled"
1,"Mallotus_villosus-27",2004,600252,228858.2884,NA,1,1,6,1,1,"Mean gapfilled"
1,"Mallotus_villosus-27",2005,600252,228858.2884,NA,1,1,6,1,1,"Mean gapfilled"
1,"Mallotus_villosus-27",2006,600252,228858.2884,NA,1,1,6,1,1,"Mean gapfilled"
1,"Mallotus_villosus-27",2007,600252,228858.2884,NA,1,1,6,1,1,"Mean gapfilled"
1,"Mallotus_villosus-27",2008,600252,228858.2884,NA,1,1,6,1,1,"Mean gapfilled"
1,"Mallotus_villosus-27",2009,600252,228858.2884,NA,1,1,6,1,1,"Mean gapfilled"
1,"Mallotus_villosus-27",2010,600252,228858.2884,NA,1,1,6,1,1,"Mean gapfilled"
1,"Mallotus_villosus-27",2011,600252,228858.2884,NA,1,1,6,1,1,"Mean gapfilled"
1,"Mallotus_villosus-27",2012,600252,228858.2884,NA,1,1,6,1,1,"Mean gapfilled"
1,"Mallotus_villosus-27",2013,600252,228858.2884,NA,1,1,6,1,1,"Mean gapfilled"
1,"Mallotus_villosus-27",2014,600252,228858.2884,NA,1,1,6,1,1,"Mean gapfilled"
1,"Mallotus_villosus-27",2015,600252,228858.2884,NA,1,1,6,1,1,"Mean gapfilled"
1,"Mallotus_villosus-27",2016,600252,228858.2884,NA,1,1,6,1,1,"Mean gapfilled"
1,"Mallotus_villosus-27",2017,600252,228858.2884,NA,1,1,6,1,1,"Mean gapfilled"
1,"Mallotus_villosus-27",2018,600252,228858.2884,NA,1,1,6,1,1,"Mean gapfilled"
1,"Mallotus_villosus-27",2019,600252,228858.2884,NA,1,1,6,1,1,"Mean gapfilled"
1,"Mallotus_villosus-27",2020,600252,228858.2884,NA,1,1,6,1,1,"Mean gapfilled"
1,"Mallotus_villosus-27",2021,600252,228858.2884,NA,1,1,6,1,1,"Mean gapfilled"
1,"Mallotus_villosus-27",2022,600252,228858.2884,NA,1,1,6,1,1,"Mean gapfilled"
1,"Mallotus_villosus-27",2023,600252,228858.2884,NA,1,1,6,1,1,"Mean gapfilled"
1,"Mallotus_villosus-27",2024,600252,228858.2884,NA,1,1,6,1,1,"Mean gapfilled"
1,"Mallotus_villosus-27",2025,600252,228858.2884,NA,1,1,6,1,1,"Mean gapfilled"
1,"Mallotus_villosus-27",2026,600252,228858.2884,NA,1,1,6,1,1,"Mean gapfilled"
1,"Mallotus_villosus-27",2027,600252,228858.2884,NA,1,1,6,1,1,"Mean gapfilled"
1,"Mallotus_villosus-27",2028,600252,228858.2884,NA,1,1,6,1,1,"Mean gapfilled"
1,"Mallotus_villosus-27",2029,600252,228858.2884,NA,1,1,6,1,1,"Mean gapfilled"
1,"Mallotus_villosus-27",2030,600252,228858.2884,NA,1,1,6,1,1,"Mean gapfilled"
1,"Mallotus_villosus-27",2031,600252,228858.2884,NA,0.991327227036356,0.991327227036356,6,1,0.991327227036356,"Mean gapfilled"
1,"Mallotus_villosus-27",2032,600252,228858.2884,NA,0.986322100103379,0.986322100103379,6,1,0.986322100103379,"Mean gapfilled"
1,"Mallotus_villosus-27",2033,600252,228858.2884,NA,0.982004394474803,0.982004394474803,6,1,0.982004394474803,"Mean gapfilled"
1,"Mallotus_villosus-27",2034,600252,228858.2884,NA,0.979922685167601,0.979922685167601,6,1,0.979922685167601,"Mean gapfilled"
1,"Mallotus_villosus-27",2035,600252,228858.2884,NA,0.980715013550617,0.980715013550617,6,1,0.980715013550617,"Mean gapfilled"
1,"Mallotus_villosus-27",2036,600252,228858.2884,NA,0.98464477390714,0.98464477390714,6,1,0.98464477390714,"Mean gapfilled"
1,"Mallotus_villosus-27",2037,600252,228858.2884,NA,0.991376306202614,0.991376306202614,6,1,0.991376306202614,"Mean gapfilled"
1,"Mallotus_villosus-27",2038,600252,228858.2884,NA,1,1,6,1,1,"Mean gapfilled"
1,"Mallotus_villosus-27",2039,600252,228858.2884,NA,1,1,6,1,1,"Mean gapfilled"
1,"Mallotus_villosus-27",2040,600252,228858.2884,NA,1,1,6,1,1,"Mean gapfilled"
1,"Mallotus_villosus-27",2041,600252,228858.2884,NA,1,1,6,1,1,"Mean gapfilled"
1,"Mallotus_villosus-27",2042,600252,228858.2884,NA,1,1,6,1,1,"Mean gapfilled"
1,"Mallotus_villosus-27",2043,600252,228858.2884,NA,1,1,6,1,1,"Mean gapfilled"
1,"Mallotus_villosus-27",2044,600252,228858.2884,NA,1,1,6,1,1,"Mean gapfilled"
1,"Mallotus_villosus-27",2045,600252,228858.2884,NA,1,1,6,1,1,"Mean gapfilled"
1,"Mallotus_villosus-27",2046,600252,228858.2884,NA,1,1,6,1,1,"Mean gapfilled"
1,"Mallotus_villosus-27",2047,600252,228858.2884,NA,1,1,6,1,1,"Mean gapfilled"
1,"Mallotus_villosus-27",2048,600252,228858.2884,NA,1,1,6,1,1,"Mean gapfilled"
1,"Mallotus_villosus-27",2049,600252,228858.2884,NA,1,1,6,1,1,"Mean gapfilled"
1,"Mallotus_villosus-27",2050,600252,228858.2884,NA,1,1,6,1,1,"Mean gapfilled"
1,"Mallotus_villosus-27",2051,600252,228858.2884,NA,1,1,6,1,1,"Mean gapfilled"
1,"Mallotus_villosus-27",2052,600252,228858.2884,NA,1,1,6,1,1,"Mean gapfilled"
1,"Mallotus_villosus-27",2053,600252,228858.2884,NA,1,1,6,1,1,"Mean gapfilled"
1,"Mallotus_villosus-27",2054,600252,228858.2884,NA,1,1,6,1,1,"Mean gapfilled"
1,"Mallotus_villosus-27",2055,600252,228858.2884,NA,1,1,6,1,1,"Mean gapfilled"
1,"Mallotus_villosus-27",2056,600252,228858.2884,NA,1,1,6,1,1,"Mean gapfilled"
1,"Mallotus_villosus-27",2057,600252,228858.2884,NA,1,1,6,1,1,"Mean gapfilled"
1,"Mallotus_villosus-27",2058,600252,228858.2884,NA,1,1,6,1,1,"Mean gapfilled"
1,"Mallotus_villosus-27",2059,600252,228858.2884,NA,1,1,6,1,1,"Mean gapfilled"
1,"Mallotus_villosus-27",2060,600252,228858.2884,NA,1,1,6,1,1,"Mean gapfilled"
1,"Mallotus_villosus-27",2061,600252,228858.2884,NA,1,1,6,1,1,"Mean gapfilled"
1,"Mallotus_villosus-27",2062,600252,228858.2884,NA,1,1,6,1,1,"Mean gapfilled"
1,"Mallotus_villosus-27",2063,600252,228858.2884,NA,1,1,6,1,1,"Mean gapfilled"
1,"Mallotus_villosus-27",2064,600252,228858.2884,NA,1,1,6,1,1,"Mean gapfilled"
1,"Mallotus_villosus-27",2065,600252,228858.2884,NA,1,1,6,1,1,"Mean gapfilled"
1,"Mallotus_villosus-27",2066,600252,228858.2884,NA,1,1,6,1,1,"Mean gapfilled"
1,"Mallotus_villosus-27",2067,600252,228858.2884,NA,1,1,6,1,1,"Mean gapfilled"
1,"Mallotus_villosus-27",2068,600252,228858.2884,NA,1,1,6,1,1,"Mean gapfilled"
1,"Pandalus_borealis-27",1980,690269,298507.8865,NA,NA,NA,6,1,NA,"Mean gapfilled"
1,"Pandalus_borealis-27",1981,690269,298507.8865,NA,NA,NA,6,1,NA,"Mean gapfilled"
1,"Pandalus_borealis-27",1982,690269,298507.8865,NA,NA,NA,6,1,NA,"Mean gapfilled"
1,"Pandalus_borealis-27",1983,690269,298507.8865,NA,NA,NA,6,1,NA,"Mean gapfilled"
1,"Pandalus_borealis-27",1984,690269,298507.8865,1.0934217549248,1,0.87663650729748,6,1,0.87663650729748,"none"
1,"Pandalus_borealis-27",1985,690269,298507.8865,1.18546752048087,1,0.942940152229645,6,1,0.942940152229645,"none"
1,"Pandalus_borealis-27",1986,690269,298507.8865,1.26524389827936,1,0.970771069800679,6,1,0.970771069800679,"none"
1,"Pandalus_borealis-27",1987,690269,298507.8865,1.33200680226429,1,0.979714814968768,6,1,0.979714814968768,"none"
1,"Pandalus_borealis-27",1988,690269,298507.8865,1.38899525058653,1,0.989370284559039,6,1,0.989370284559039,"none"
1,"Pandalus_borealis-27",1989,690269,298507.8865,1.44305401636896,1,1,6,1,1,"none"
1,"Pandalus_borealis-27",1990,690269,298507.8865,1.50328607253949,1,1,6,1,1,"none"
1,"Pandalus_borealis-27",1991,690269,298507.8865,1.55486143383017,1,1,6,1,1,"none"
1,"Pandalus_borealis-27",1992,690269,298507.8865,1.59418391225376,1,1,6,1,1,"none"
1,"Pandalus_borealis-27",1993,690269,298507.8865,1.6216387146784,1,1,6,1,1,"none"
1,"Pandalus_borealis-27",1994,690269,298507.8865,1.64689072430806,1,1,6,1,1,"none"
1,"Pandalus_borealis-27",1995,690269,298507.8865,1.67244380471322,1,1,6,1,1,"none"
1,"Pandalus_borealis-27",1996,690269,298507.8865,1.69833653181006,1,1,6,1,1,"none"
1,"Pandalus_borealis-27",1997,690269,298507.8865,1.72050327794389,1,1,6,1,1,"none"
1,"Pandalus_borealis-27",1998,690269,298507.8865,1.73954516652,1,1,6,1,1,"none"
1,"Pandalus_borealis-27",1999,690269,298507.8865,1.74960885686245,1,1,6,1,1,"none"
1,"Pandalus_borealis-27",2000,690269,298507.8865,1.74620547685771,1,1,6,1,1,"none"
1,"Pandalus_borealis-27",2001,690269,298507.8865,1.74115368316249,1,1,6,1,1,"none"
1,"Pandalus_borealis-27",2002,690269,298507.8865,1.73517074370193,1,1,6,1,1,"none"
1,"Pandalus_borealis-27",2003,690269,298507.8865,1.73448445367467,1,1,6,1,1,"none"
1,"Pandalus_borealis-27",2004,690269,298507.8865,1.73841650042772,1,1,6,1,1,"none"
1,"Pandalus_borealis-27",2005,690269,298507.8865,1.74914710772207,1,1,6,1,1,"none"
1,"Pandalus_borealis-27",2006,690269,298507.8865,1.76236942981043,1,1,6,1,1,"none"
1,"Pandalus_borealis-27",2007,690269,298507.8865,1.77838348756642,1,1,6,1,1,"none"
1,"Pandalus_borealis-27",2008,690269,298507.8865,1.7898643008094,1,1,6,1,1,"none"
1,"Pandalus_borealis-27",2009,690269,298507.8865,1.80078542095882,1,1,6,1,1,"none"
1,"Pandalus_borealis-27",2010,690269,298507.8865,1.8121673495092,1,1,6,1,1,"none"
1,"Pandalus_borealis-27",2011,690269,298507.8865,1.81570578077314,1,1,6,1,1,"none"
1,"Pandalus_borealis-27",2012,690269,298507.8865,1.81393671439947,1,1,6,1,1,"none"
1,"Pandalus_borealis-27",2013,690269,298507.8865,1.81245818832232,1,1,6,1,1,"none"
1,"Pandalus_borealis-27",2014,690269,298507.8865,1.81085991197752,1,1,6,1,1,"none"
1,"Pandalus_borealis-27",2015,690269,298507.8865,1.80848832992221,1,1,6,1,1,"none"
1,"Pandalus_borealis-27",2016,690269,298507.8865,1.80843759233294,1,1,6,1,1,"none"
1,"Pandalus_borealis-27",2017,690269,298507.8865,1.81022452091823,1,1,6,1,1,"none"
1,"Pandalus_borealis-27",2018,690269,298507.8865,1.81194191209057,1,1,6,1,1,"none"
1,"Pandalus_borealis-27",2019,690269,298507.8865,1.81165442762169,1,1,6,1,1,"none"
1,"Pandalus_borealis-27",2020,690269,298507.8865,1.81059606125364,1,1,6,1,1,"none"
1,"Pandalus_borealis-27",2021,690269,298507.8865,1.81108642391852,1,1,6,1,1,"none"
1,"Pandalus_borealis-27",2022,690269,298507.8865,1.81253798535338,1,1,6,1,1,"none"
1,"Pandalus_borealis-27",2023,690269,298507.8865,1.81118825494797,1,1,6,1,1,"none"
1,"Pandalus_borealis-27",2024,690269,298507.8865,1.81093088592543,1,1,6,1,1,"none"
1,"Pandalus_borealis-27",2025,690269,298507.8865,1.8111210655114,1,1,6,1,1,"none"
1,"Pandalus_borealis-27",2026,690269,298507.8865,1.80991551774019,1,1,6,1,1,"none"
1,"Pandalus_borealis-27",2027,690269,298507.8865,1.80775992031466,1,1,6,1,1,"none"
1,"Pandalus_borealis-27",2028,690269,298507.8865,1.80677606422851,1,1,6,1,1,"none"
1,"Pandalus_borealis-27",2029,690269,298507.8865,1.80566255765746,1,1,6,1,1,"none"
1,"Pandalus_borealis-27",2030,690269,298507.8865,1.80287640098628,1,1,6,1,1,"none"
1,"Pandalus_borealis-27",2031,690269,298507.8865,1.80148327294268,1,0.991327227036356,6,1,0.991327227036356,"none"
1,"Pandalus_borealis-27",2032,690269,298507.8865,1.80053067517339,1,0.986322100103379,6,1,0.986322100103379,"none"
1,"Pandalus_borealis-27",2033,690269,298507.8865,1.80044132107887,1,0.982004394474803,6,1,0.982004394474803,"none"
1,"Pandalus_borealis-27",2034,690269,298507.8865,1.80241537825762,1,0.979922685167601,6,1,0.979922685167601,"none"
1,"Pandalus_borealis-27",2035,690269,298507.8865,1.8004584617791,1,0.980715013550617,6,1,0.980715013550617,"none"
1,"Pandalus_borealis-27",2036,690269,298507.8865,1.79534951782065,1,0.98464477390714,6,1,0.98464477390714,"none"
1,"Pandalus_borealis-27",2037,690269,298507.8865,1.78575068058977,1,0.991376306202614,6,1,0.991376306202614,"none"
1,"Pandalus_borealis-27",2038,690269,298507.8865,1.77611793841455,1,1,6,1,1,"none"
1,"Pandalus_borealis-27",2039,690269,298507.8865,1.76249409919449,1,1,6,1,1,"none"
1,"Pandalus_borealis-27",2040,690269,298507.8865,1.74932145066699,1,1,6,1,1,"none"
1,"Pandalus_borealis-27",2041,690269,298507.8865,1.73104302901498,1,1,6,1,1,"none"
1,"Pandalus_borealis-27",2042,690269,298507.8865,1.7116348359547,1,1,6,1,1,"none"
1,"Pandalus_borealis-27",2043,690269,298507.8865,1.68777193566736,1,1,6,1,1,"none"
1,"Pandalus_borealis-27",2044,690269,298507.8865,1.6581335829605,1,1,6,1,1,"none"
1,"Pandalus_borealis-27",2045,690269,298507.8865,1.62482521434811,1,1,6,1,1,"none"
1,"Pandalus_borealis-27",2046,690269,298507.8865,1.59234899983597,1,1,6,1,1,"none"
1,"Pandalus_borealis-27",2047,690269,298507.8865,1.56189367326118,1,1,6,1,1,"none"
1,"Pandalus_borealis-27",2048,690269,298507.8865,1.53350377584412,1,1,6,1,1,"none"
1,"Pandalus_borealis-27",2049,690269,298507.8865,1.50916249311371,1,1,6,1,1,"none"
1,"Pandalus_borealis-27",2050,690269,298507.8865,1.49130287937819,1,1,6,1,1,"none"
1,"Pandalus_borealis-27",2051,690269,298507.8865,1.47282921230096,1,1,6,1,1,"none"
1,"Pandalus_borealis-27",2052,690269,298507.8865,1.45223819445965,1,1,6,1,1,"none"
1,"Pandalus_borealis-27",2053,690269,298507.8865,1.42772515235726,1,1,6,1,1,"none"
1,"Pandalus_borealis-27",2054,690269,298507.8865,1.40348931578999,1,1,6,1,1,"none"
1,"Pandalus_borealis-27",2055,690269,298507.8865,1.37831781806694,1,1,6,1,1,"none"
1,"Pandalus_borealis-27",2056,690269,298507.8865,1.35435506649638,1,1,6,1,1,"none"
1,"Pandalus_borealis-27",2057,690269,298507.8865,1.33155928299088,1,1,6,1,1,"none"
1,"Pandalus_borealis-27",2058,690269,298507.8865,1.30159003731837,1,1,6,1,1,"none"
1,"Pandalus_borealis-27",2059,690269,298507.8865,1.26891576300527,1,1,6,1,1,"none"
1,"Pandalus_borealis-27",2060,690269,298507.8865,1.23409116625732,1,1,6,1,1,"none"
1,"Pandalus_borealis-27",2061,690269,298507.8865,1.19570157716899,1,1,6,1,1,"none"
1,"Pandalus_borealis-27",2062,690269,298507.8865,1.16541914255123,1,1,6,1,1,"none"
1,"Pandalus_borealis-27",2063,690269,298507.8865,1.15005297603872,1,1,6,1,1,"none"
1,"Pandalus_borealis-27",2064,690269,298507.8865,1.13624677168588,1,1,6,1,1,"none"
1,"Pandalus_borealis-27",2065,690269,298507.8865,1.12526257266848,1,1,6,1,1,"none"
1,"Pandalus_borealis-27",2066,690269,298507.8865,1.11644675597267,1,1,6,1,1,"none"
1,"Pandalus_borealis-27",2067,690269,298507.8865,1.09465474612982,1,1,6,1,1,"none"
1,"Pandalus_borealis-27",2068,690269,298507.8865,1.04468549179947,1,1,6,1,1,"none"
